scenario,month,resource_index,male_ratio,lamprey,host_fish,parasites,predators_food_web,mating_success
low_food_adaptive,0,0.12,0.7536,0.42,0.78,0.24,0.3,0.74275
low_food_adaptive,1,0.17,0.7426,0.43685,0.77049,0.23664,0.3072,0.76458
low_food_adaptive,2,0.2066,0.73455,0.45611,0.7605,0.23353,0.31481,0.77995
low_food_adaptive,3,0.22,0.7316,0.47729,0.74994,0.23068,0.3229,0.78545
low_food_adaptive,4,0.2066,0.73455,0.49936,0.73875,0.22811,0.33154,0.77995
low_food_adaptive,5,0.17,0.7426,0.52099,0.72693,0.22582,0.34073,0.76458
low_food_adaptive,6,0.12,0.7536,0.54088,0.71457,0.2238,0.35044,0.74275
low_food_adaptive,7,0.07,0.7646,0.55811,0.70182,0.22202,0.36061,0.71995
low_food_adaptive,8,0.0334,0.77265,0.57247,0.68885,0.22044,0.37113,0.70264
low_food_adaptive,9,0.02,0.7756,0.58457,0.67585,0.21904,0.38189,0.69618
low_food_adaptive,10,0.0334,0.77265,0.59569,0.66294,0.21777,0.3928,0.70264
low_food_adaptive,11,0.07,0.7646,0.60739,0.65017,0.21664,0.40383,0.71995
low_food_adaptive,12,0.12,0.7536,0.62103,0.6375,0.21564,0.41499,0.74275
low_food_adaptive,13,0.17,0.7426,0.63741,0.62486,0.21478,0.42635,0.76458
low_food_adaptive,14,0.2066,0.73455,0.65653,0.6121,0.21411,0.43801,0.77995
low_food_adaptive,15,0.22,0.7316,0.67757,0.59914,0.21365,0.45003,0.78545
low_food_adaptive,16,0.2066,0.73455,0.69909,0.58592,0.21341,0.4625,0.77995
low_food_adaptive,17,0.17,0.7426,0.71936,0.57244,0.2134,0.4754,0.76458
low_food_adaptive,18,0.12,0.7536,0.73679,0.5588,0.2136,0.4887,0.74275
low_food_adaptive,19,0.07,0.7646,0.7504,0.54516,0.214,0.50227,0.71995
low_food_adaptive,20,0.0334,0.77265,0.76014,0.53168,0.21454,0.51597,0.70264
low_food_adaptive,21,0.02,0.7756,0.76699,0.51852,0.21518,0.52968,0.69618
low_food_adaptive,22,0.0334,0.77265,0.77261,0.50578,0.2159,0.54328,0.70264
low_food_adaptive,23,0.07,0.7646,0.77895,0.49347,0.21669,0.55674,0.71995
low_food_adaptive,24,0.12,0.7536,0.78759,0.48155,0.21754,0.57009,0.74275
low_food_adaptive,25,0.17,0.7426,0.79941,0.4699,0.21849,0.5834,0.76458
low_food_adaptive,26,0.2066,0.73455,0.81427,0.4584,0.21958,0.59679,0.77995
low_food_adaptive,27,0.22,0.7316,0.83115,0.44694,0.22083,0.61037,0.78545
low_food_adaptive,28,0.2066,0.73455,0.84833,0.43548,0.22228,0.6242,0.77995
low_food_adaptive,29,0.17,0.7426,0.86384,0.424,0.22393,0.63829,0.76458
low_food_adaptive,30,0.12,0.7536,0.87599,0.41259,0.22577,0.65257,0.74275
low_food_adaptive,31,0.07,0.7646,0.88383,0.40136,0.22775,0.66691,0.71995
low_food_adaptive,32,0.0334,0.77265,0.8875,0.39043,0.22985,0.68117,0.70264
low_food_adaptive,33,0.02,0.7756,0.88819,0.37992,0.232,0.69521,0.69618
low_food_adaptive,34,0.0334,0.77265,0.88781,0.36987,0.23418,0.70891,0.70264
low_food_adaptive,35,0.07,0.7646,0.88848,0.3603,0.23638,0.72226,0.71995
low_food_adaptive,36,0.12,0.7536,0.89189,0.35114,0.23861,0.7353,0.74275
low_food_adaptive,37,0.17,0.7426,0.89891,0.34228,0.2409,0.74814,0.76458
low_food_adaptive,38,0.2066,0.73455,0.90934,0.33363,0.2433,0.7609,0.77995
low_food_adaptive,39,0.22,0.7316,0.92198,0.32509,0.24584,0.7737,0.78545
low_food_adaptive,40,0.2066,0.73455,0.93498,0.3166,0.24857,0.78663,0.77995
low_food_adaptive,41,0.17,0.7426,0.94627,0.30817,0.25149,0.79969,0.76458
low_food_adaptive,42,0.12,0.7536,0.95409,0.29983,0.25459,0.81281,0.74275
low_food_adaptive,43,0.07,0.7646,0.95754,0.29167,0.25782,0.82589,0.71995
low_food_adaptive,44,0.0334,0.77265,0.95684,0.28379,0.26114,0.83875,0.70264
low_food_adaptive,45,0.02,0.7756,0.95329,0.27625,0.2645,0.85127,0.69618
low_food_adaptive,46,0.0334,0.77265,0.94891,0.26909,0.26785,0.86336,0.70264
low_food_adaptive,47,0.07,0.7646,0.94587,0.26231,0.27118,0.87499,0.71995
low_food_adaptive,48,0.12,0.7536,0.94592,0.25585,0.27451,0.88622,0.74275
low_food_adaptive,49,0.17,0.7426,0.94987,0.24963,0.27789,0.89717,0.76458
low_food_adaptive,50,0.2066,0.73455,0.95748,0.24358,0.28136,0.90798,0.77995
low_food_adaptive,51,0.22,0.7316,0.96749,0.2376,0.28498,0.9188,0.78545
low_food_adaptive,52,0.2066,0.73455,0.97795,0.23167,0.28879,0.92969,0.77995
low_food_adaptive,53,0.17,0.7426,0.98674,0.22578,0.29281,0.94067,0.76458
low_food_adaptive,54,0.12,0.7536,0.99208,0.21996,0.29701,0.95169,0.74275
low_food_adaptive,55,0.07,0.7646,0.9931,0.21427,0.30134,0.96262,0.71995
low_food_adaptive,56,0.0334,0.77265,0.99004,0.20877,0.30576,0.97332,0.70264
low_food_adaptive,57,0.02,0.7756,0.98424,0.20352,0.31019,0.98363,0.69618
low_food_adaptive,58,0.0334,0.77265,0.97776,0.19855,0.3146,0.99349,0.70264
low_food_adaptive,59,0.07,0.7646,0.97281,0.19384,0.31897,1.00288,0.71995
low_food_adaptive,60,0.12,0.7536,0.97112,0.18937,0.32332,1.01185,0.74275
low_food_adaptive,61,0.17,0.7426,0.9735,0.18507,0.3277,1.02055,0.76458
low_food_adaptive,62,0.2066,0.73455,0.97968,0.18087,0.33219,1.0291,0.77995
low_food_adaptive,63,0.22,0.7316,0.98836,0.17673,0.33683,1.03767,0.78545
low_food_adaptive,64,0.2066,0.73455,0.99756,0.1726,0.34169,1.04632,0.77995
low_food_adaptive,65,0.17,0.7426,1.00512,0.16849,0.34677,1.05507,0.76458
low_food_adaptive,66,0.12,0.7536,1.00926,0.16442,0.35206,1.06388,0.74275
low_food_adaptive,67,0.07,0.7646,1.00911,0.16043,0.35751,1.0726,0.71995
low_food_adaptive,68,0.0334,0.77265,1.00493,0.15657,0.36303,1.08111,0.70264
low_food_adaptive,69,0.02,0.7756,0.99808,0.15288,0.36857,1.08925,0.69618
low_food_adaptive,70,0.0334,0.77265,0.99063,0.14939,0.37406,1.09695,0.70264
low_food_adaptive,71,0.07,0.7646,0.98479,0.14609,0.37949,1.1042,0.71995
low_food_adaptive,72,0.12,0.7536,0.98229,0.14295,0.3849,1.11106,0.74275
low_food_adaptive,73,0.17,0.7426,0.98395,0.13993,0.39033,1.11767,0.76458
low_food_adaptive,74,0.2066,0.73455,0.98948,0.13698,0.39587,1.12416,0.77995
low_food_adaptive,75,0.22,0.7316,0.99755,0.13405,0.4016,1.13069,0.78545
low_food_adaptive,76,0.2066,0.73455,1.00617,0.13113,0.40758,1.13734,0.77995
low_food_adaptive,77,0.17,0.7426,1.01317,0.12821,0.41382,1.14412,0.76458
low_food_adaptive,78,0.12,0.7536,1.01678,0.1253,0.4203,1.15098,0.74275
low_food_adaptive,79,0.07,0.7646,1.0161,0.12244,0.42695,1.15779,0.71995
low_food_adaptive,80,0.0334,0.77265,1.01142,0.11968,0.4337,1.16441,0.70264
low_food_adaptive,81,0.02,0.7756,1.0041,0.11703,0.44046,1.1707,0.69618
low_food_adaptive,82,0.0334,0.77265,0.99622,0.11452,0.44715,1.17658,0.70264
low_food_adaptive,83,0.07,0.7646,0.98998,0.11216,0.45378,1.18203,0.71995
low_food_adaptive,84,0.12,0.7536,0.98713,0.1099,0.46035,1.18713,0.74275
low_food_adaptive,85,0.17,0.7426,0.98848,0.10773,0.46696,1.192,0.76458
low_food_adaptive,86,0.2066,0.73455,0.99371,0.1056,0.4737,1.1968,0.77995
low_food_adaptive,87,0.22,0.7316,1.00152,0.10348,0.48066,1.2,0.78545
low_food_adaptive,88,0.2066,0.73455,1.00988,0.10136,0.4879,1.2,0.77995
low_food_adaptive,89,0.17,0.7426,1.01664,0.09923,0.49546,1.2,0.76458
low_food_adaptive,90,0.12,0.7536,1.02001,0.0971,0.50331,1.2,0.74275
low_food_adaptive,91,0.07,0.7646,1.01911,0.09501,0.51136,1.2,0.71995
low_food_adaptive,92,0.0334,0.77265,1.01421,0.09298,0.51952,1.2,0.70264
low_food_adaptive,93,0.02,0.7756,1.00669,0.09103,0.52768,1.2,0.69618
low_food_adaptive,94,0.0334,0.77265,0.99862,0.08919,0.53577,1.2,0.70264
low_food_adaptive,95,0.07,0.7646,0.99221,0.08744,0.54377,1.2,0.71995
low_food_adaptive,96,0.12,0.7536,0.98921,0.08579,0.55172,1.2,0.74275
low_food_adaptive,97,0.17,0.7426,0.99042,0.08418,0.55969,1.2,0.76458
low_food_adaptive,98,0.2066,0.73455,0.99553,0.08261,0.56782,1.2,0.77995
low_food_adaptive,99,0.22,0.7316,1.00322,0.08104,0.57621,1.2,0.78545
low_food_adaptive,100,0.2066,0.73455,1.01148,0.07947,0.58495,1.2,0.77995
low_food_adaptive,101,0.17,0.7426,1.01813,0.07788,0.59406,1.2,0.76458
low_food_adaptive,102,0.12,0.7536,1.0214,0.07629,0.60351,1.2,0.74275
low_food_adaptive,103,0.07,0.7646,1.0204,0.07472,0.6132,1.2,0.71995
low_food_adaptive,104,0.0334,0.77265,1.0154,0.07319,0.62303,1.2,0.70264
low_food_adaptive,105,0.02,0.7756,1.00779,0.07173,0.63285,1.2,0.69618
low_food_adaptive,106,0.0334,0.77265,0.99964,0.07034,0.64259,1.2,0.70264
low_food_adaptive,107,0.07,0.7646,0.99317,0.06903,0.65222,1.2,0.71995
low_food_adaptive,108,0.12,0.7536,0.9901,0.06778,0.66178,1.2,0.74275
low_food_adaptive,109,0.17,0.7426,0.99125,0.06658,0.67138,1.2,0.76458
low_food_adaptive,110,0.2066,0.73455,0.9963,0.06539,0.68116,1.2,0.77995
low_food_adaptive,111,0.22,0.7316,1.00394,0.0642,0.69125,1.2,0.78545
low_food_adaptive,112,0.2066,0.73455,1.01215,0.06301,0.70175,1.2,0.77995
low_food_adaptive,113,0.17,0.7426,1.01876,0.0618,0.71271,1.2,0.76458
low_food_adaptive,114,0.12,0.7536,1.02199,0.06058,0.72407,1.2,0.74275
low_food_adaptive,115,0.07,0.7646,1.02095,0.05938,0.73572,1.2,0.71995
low_food_adaptive,116,0.0334,0.77265,1.01591,0.05822,0.74753,1.2,0.70264
low_food_adaptive,117,0.02,0.7756,1.00826,0.0571,0.75934,1.2,0.69618
low_food_adaptive,118,0.0334,0.77265,1.00008,0.05603,0.77104,1.2,0.70264
low_food_adaptive,119,0.07,0.7646,0.99357,0.05503,0.78261,1.2,0.71995
low_food_adaptive,120,0.12,0.7536,0.99048,0.05407,0.7941,1.2,0.74275
low_food_adaptive,121,0.17,0.7426,0.9916,0.05315,0.80563,1.2,0.76458
low_food_adaptive,122,0.2066,0.73455,0.99663,0.05224,0.81738,1.2,0.77995
low_food_adaptive,123,0.22,0.7316,1.00425,0.05132,0.8295,1.2,0.78545
low_food_adaptive,124,0.2066,0.73455,1.01244,0.0504,0.84212,1.2,0.77995
low_food_adaptive,125,0.17,0.7426,1.01903,0.05,0.85527,1.2,0.76458
low_food_adaptive,126,0.12,0.7536,1.02224,0.05,0.86892,1.2,0.74275
low_food_adaptive,127,0.07,0.7646,1.02118,0.05,0.88292,1.2,0.71995
low_food_adaptive,128,0.0334,0.77265,1.01613,0.05,0.89709,1.2,0.70264
low_food_adaptive,129,0.02,0.7756,1.00846,0.05,0.91127,1.2,0.69618
low_food_adaptive,130,0.0334,0.77265,1.00027,0.05,0.92533,1.2,0.70264
low_food_adaptive,131,0.07,0.7646,0.99375,0.05,0.93922,1.2,0.71995
low_food_adaptive,132,0.12,0.7536,0.99064,0.05,0.95302,1.2,0.74275
low_food_adaptive,133,0.17,0.7426,0.99175,0.05,0.96687,1.2,0.76458
low_food_adaptive,134,0.2066,0.73455,0.99677,0.05,0.98097,1.2,0.77995
low_food_adaptive,135,0.22,0.7316,1.00438,0.05,0.99553,1.2,0.78545
low_food_adaptive,136,0.2066,0.73455,1.01257,0.05,1.01068,1.2,0.77995
low_food_adaptive,137,0.17,0.7426,1.01915,0.05,1.02647,1.2,0.76458
low_food_adaptive,138,0.12,0.7536,1.02235,0.05,1.04285,1.2,0.74275
low_food_adaptive,139,0.07,0.7646,1.02128,0.05,1.05966,1.2,0.71995
low_food_adaptive,140,0.0334,0.77265,1.01622,0.05,1.07668,1.2,0.70264
low_food_adaptive,141,0.02,0.7756,1.00855,0.05,1.09371,1.2,0.69618
low_food_adaptive,142,0.0334,0.77265,1.00035,0.05,1.11058,1.2,0.70264
low_food_adaptive,143,0.07,0.7646,0.99382,0.05,1.12726,1.2,0.71995
low_food_adaptive,144,0.12,0.7536,0.99071,0.05,1.14382,1.2,0.74275
low_food_adaptive,145,0.17,0.7426,0.99181,0.05,1.16044,1.2,0.76458
low_food_adaptive,146,0.2066,0.73455,0.99683,0.05,1.17738,1.2,0.77995
low_food_adaptive,147,0.22,0.7316,1.00444,0.05,1.19485,1.2,0.78545
low_food_adaptive,148,0.2066,0.73455,1.01262,0.05,1.2,1.2,0.77995
low_food_adaptive,149,0.17,0.7426,1.0192,0.05,1.2,1.2,0.76458
low_food_adaptive,150,0.12,0.7536,1.02239,0.05,1.2,1.2,0.74275
low_food_adaptive,151,0.07,0.7646,1.02132,0.05,1.2,1.2,0.71995
low_food_adaptive,152,0.0334,0.77265,1.01626,0.05,1.2,1.2,0.70264
low_food_adaptive,153,0.02,0.7756,1.00859,0.05,1.2,1.2,0.69618
low_food_adaptive,154,0.0334,0.77265,1.00038,0.05,1.2,1.2,0.70264
low_food_adaptive,155,0.07,0.7646,0.99385,0.05,1.2,1.2,0.71995
low_food_adaptive,156,0.12,0.7536,0.99074,0.05,1.2,1.2,0.74275
low_food_adaptive,157,0.17,0.7426,0.99184,0.05,1.2,1.2,0.76458
low_food_adaptive,158,0.2066,0.73455,0.99686,0.05,1.2,1.2,0.77995
low_food_adaptive,159,0.22,0.7316,1.00446,0.05,1.2,1.2,0.78545
low_food_adaptive,160,0.2066,0.73455,1.01264,0.05,1.2,1.2,0.77995
low_food_adaptive,161,0.17,0.7426,1.01922,0.05,1.2,1.2,0.76458
low_food_adaptive,162,0.12,0.7536,1.02241,0.05,1.2,1.2,0.74275
low_food_adaptive,163,0.07,0.7646,1.02134,0.05,1.2,1.2,0.71995
low_food_adaptive,164,0.0334,0.77265,1.01628,0.05,1.2,1.2,0.70264
low_food_adaptive,165,0.02,0.7756,1.0086,0.05,1.2,1.2,0.69618
low_food_adaptive,166,0.0334,0.77265,1.00039,0.05,1.2,1.2,0.70264
low_food_adaptive,167,0.07,0.7646,0.99386,0.05,1.2,1.2,0.71995
low_food_adaptive,168,0.12,0.7536,0.99075,0.05,1.2,1.2,0.74275
low_food_adaptive,169,0.17,0.7426,0.99185,0.05,1.2,1.2,0.76458
low_food_adaptive,170,0.2066,0.73455,0.99687,0.05,1.2,1.2,0.77995
low_food_adaptive,171,0.22,0.7316,1.00447,0.05,1.2,1.2,0.78545
low_food_adaptive,172,0.2066,0.73455,1.01265,0.05,1.2,1.2,0.77995
low_food_adaptive,173,0.17,0.7426,1.01923,0.05,1.2,1.2,0.76458
low_food_adaptive,174,0.12,0.7536,1.02242,0.05,1.2,1.2,0.74275
low_food_adaptive,175,0.07,0.7646,1.02135,0.05,1.2,1.2,0.71995
low_food_adaptive,176,0.0334,0.77265,1.01629,0.05,1.2,1.2,0.70264
low_food_adaptive,177,0.02,0.7756,1.00861,0.05,1.2,1.2,0.69618
low_food_adaptive,178,0.0334,0.77265,1.0004,0.05,1.2,1.2,0.70264
low_food_adaptive,179,0.07,0.7646,0.99387,0.05,1.2,1.2,0.71995
low_food_adaptive,180,0.12,0.7536,0.99075,0.05,1.2,1.2,0.74275
low_food_adaptive,181,0.17,0.7426,0.99186,0.05,1.2,1.2,0.76458
low_food_adaptive,182,0.2066,0.73455,0.99688,0.05,1.2,1.2,0.77995
low_food_adaptive,183,0.22,0.7316,1.00448,0.05,1.2,1.2,0.78545
low_food_adaptive,184,0.2066,0.73455,1.01266,0.05,1.2,1.2,0.77995
low_food_adaptive,185,0.17,0.7426,1.01923,0.05,1.2,1.2,0.76458
low_food_adaptive,186,0.12,0.7536,1.02242,0.05,1.2,1.2,0.74275
low_food_adaptive,187,0.07,0.7646,1.02135,0.05,1.2,1.2,0.71995
low_food_adaptive,188,0.0334,0.77265,1.01629,0.05,1.2,1.2,0.70264
low_food_adaptive,189,0.02,0.7756,1.00861,0.05,1.2,1.2,0.69618
low_food_adaptive,190,0.0334,0.77265,1.0004,0.05,1.2,1.2,0.70264
low_food_adaptive,191,0.07,0.7646,0.99387,0.05,1.2,1.2,0.71995
low_food_adaptive,192,0.12,0.7536,0.99076,0.05,1.2,1.2,0.74275
low_food_adaptive,193,0.17,0.7426,0.99186,0.05,1.2,1.2,0.76458
low_food_adaptive,194,0.2066,0.73455,0.99688,0.05,1.2,1.2,0.77995
low_food_adaptive,195,0.22,0.7316,1.00448,0.05,1.2,1.2,0.78545
low_food_adaptive,196,0.2066,0.73455,1.01266,0.05,1.2,1.2,0.77995
low_food_adaptive,197,0.17,0.7426,1.01923,0.05,1.2,1.2,0.76458
low_food_adaptive,198,0.12,0.7536,1.02242,0.05,1.2,1.2,0.74275
low_food_adaptive,199,0.07,0.7646,1.02135,0.05,1.2,1.2,0.71995
low_food_adaptive,200,0.0334,0.77265,1.01629,0.05,1.2,1.2,0.70264
low_food_adaptive,201,0.02,0.7756,1.00861,0.05,1.2,1.2,0.69618
low_food_adaptive,202,0.0334,0.77265,1.0004,0.05,1.2,1.2,0.70264
low_food_adaptive,203,0.07,0.7646,0.99387,0.05,1.2,1.2,0.71995
low_food_adaptive,204,0.12,0.7536,0.99076,0.05,1.2,1.2,0.74275
low_food_adaptive,205,0.17,0.7426,0.99186,0.05,1.2,1.2,0.76458
low_food_adaptive,206,0.2066,0.73455,0.99688,0.05,1.2,1.2,0.77995
low_food_adaptive,207,0.22,0.7316,1.00448,0.05,1.2,1.2,0.78545
low_food_adaptive,208,0.2066,0.73455,1.01266,0.05,1.2,1.2,0.77995
low_food_adaptive,209,0.17,0.7426,1.01923,0.05,1.2,1.2,0.76458
low_food_adaptive,210,0.12,0.7536,1.02243,0.05,1.2,1.2,0.74275
low_food_adaptive,211,0.07,0.7646,1.02135,0.05,1.2,1.2,0.71995
low_food_adaptive,212,0.0334,0.77265,1.01629,0.05,1.2,1.2,0.70264
low_food_adaptive,213,0.02,0.7756,1.00861,0.05,1.2,1.2,0.69618
low_food_adaptive,214,0.0334,0.77265,1.0004,0.05,1.2,1.2,0.70264
low_food_adaptive,215,0.07,0.7646,0.99387,0.05,1.2,1.2,0.71995
low_food_adaptive,216,0.12,0.7536,0.99076,0.05,1.2,1.2,0.74275
low_food_adaptive,217,0.17,0.7426,0.99186,0.05,1.2,1.2,0.76458
low_food_adaptive,218,0.2066,0.73455,0.99688,0.05,1.2,1.2,0.77995
low_food_adaptive,219,0.22,0.7316,1.00448,0.05,1.2,1.2,0.78545
low_food_adaptive,220,0.2066,0.73455,1.01266,0.05,1.2,1.2,0.77995
low_food_adaptive,221,0.17,0.7426,1.01923,0.05,1.2,1.2,0.76458
low_food_adaptive,222,0.12,0.7536,1.02243,0.05,1.2,1.2,0.74275
low_food_adaptive,223,0.07,0.7646,1.02135,0.05,1.2,1.2,0.71995
low_food_adaptive,224,0.0334,0.77265,1.01629,0.05,1.2,1.2,0.70264
low_food_adaptive,225,0.02,0.7756,1.00861,0.05,1.2,1.2,0.69618
low_food_adaptive,226,0.0334,0.77265,1.0004,0.05,1.2,1.2,0.70264
low_food_adaptive,227,0.07,0.7646,0.99387,0.05,1.2,1.2,0.71995
low_food_adaptive,228,0.12,0.7536,0.99076,0.05,1.2,1.2,0.74275
low_food_adaptive,229,0.17,0.7426,0.99186,0.05,1.2,1.2,0.76458
low_food_adaptive,230,0.2066,0.73455,0.99688,0.05,1.2,1.2,0.77995
low_food_adaptive,231,0.22,0.7316,1.00448,0.05,1.2,1.2,0.78545
low_food_adaptive,232,0.2066,0.73455,1.01266,0.05,1.2,1.2,0.77995
low_food_adaptive,233,0.17,0.7426,1.01923,0.05,1.2,1.2,0.76458
low_food_adaptive,234,0.12,0.7536,1.02243,0.05,1.2,1.2,0.74275
low_food_adaptive,235,0.07,0.7646,1.02135,0.05,1.2,1.2,0.71995
low_food_adaptive,236,0.0334,0.77265,1.01629,0.05,1.2,1.2,0.70264
low_food_adaptive,237,0.02,0.7756,1.00861,0.05,1.2,1.2,0.69618
low_food_adaptive,238,0.0334,0.77265,1.0004,0.05,1.2,1.2,0.70264
low_food_adaptive,239,0.07,0.7646,0.99387,0.05,1.2,1.2,0.71995
low_food_adaptive,240,0.12,0.7536,0.99076,0.05,1.2,1.2,0.74275
medium_food_adaptive,0,0.5,0.67,0.42,0.78,0.24,0.3,0.8844
medium_food_adaptive,1,0.55,0.659,0.45256,0.77049,0.23664,0.3072,0.89888
medium_food_adaptive,2,0.5866,0.65095,0.48852,0.75959,0.23371,0.31536,0.90886
medium_food_adaptive,3,0.6,0.648,0.52747,0.74723,0.23124,0.32457,0.91238
medium_food_adaptive,4,0.5866,0.65095,0.56843,0.73337,0.22925,0.33492,0.90886
medium_food_adaptive,5,0.55,0.659,0.60995,0.71805,0.22774,0.34644,0.89888
medium_food_adaptive,6,0.5,0.67,0.65047,0.70139,0.22671,0.35913,0.8844
medium_food_adaptive,7,0.45,0.681,0.68871,0.68358,0.22615,0.37292,0.86896
medium_food_adaptive,8,0.4134,0.68905,0.72409,0.66491,0.22602,0.3877,0.85704
medium_food_adaptive,9,0.4,0.692,0.75696,0.64563,0.2263,0.40335,0.85254
medium_food_adaptive,10,0.4134,0.68905,0.78851,0.62597,0.22694,0.41976,0.85704
medium_food_adaptive,11,0.45,0.681,0.8203,0.60606,0.22794,0.43686,0.86896
medium_food_adaptive,12,0.5,0.67,0.85381,0.58597,0.22932,0.45465,0.8844
medium_food_adaptive,13,0.55,0.659,0.88987,0.56569,0.23108,0.47317,0.89888
medium_food_adaptive,14,0.5866,0.65095,0.92839,0.54519,0.23327,0.49249,0.90886
medium_food_adaptive,15,0.6,0.648,0.96827,0.52443,0.23594,0.51267,0.91238
medium_food_adaptive,16,0.5866,0.65095,1.00763,0.50346,0.2391,0.53374,0.90886
medium_food_adaptive,17,0.55,0.659,1.04423,0.4824,0.24278,0.55566,0.89888
medium_food_adaptive,18,0.5,0.67,1.0761,0.46142,0.24696,0.57832,0.8844
medium_food_adaptive,19,0.45,0.681,1.10208,0.44076,0.2516,0.60153,0.86896
medium_food_adaptive,20,0.4134,0.68905,1.12228,0.42063,0.25666,0.62506,0.85704
medium_food_adaptive,21,0.4,0.692,1.138,0.40124,0.26208,0.64871,0.85254
medium_food_adaptive,22,0.4134,0.68905,1.15141,0.38267,0.26782,0.67233,0.85704
medium_food_adaptive,23,0.45,0.681,1.1649,0.36494,0.27386,0.69582,0.86896
medium_food_adaptive,24,0.5,0.67,1.18039,0.348,0.28023,0.71919,0.8844
medium_food_adaptive,25,0.55,0.659,1.19888,0.33176,0.28696,0.74253,0.89888
medium_food_adaptive,26,0.5866,0.65095,1.22014,0.31609,0.29412,0.76593,0.90886
medium_food_adaptive,27,0.6,0.648,1.24278,0.30092,0.30177,0.78948,0.91238
medium_food_adaptive,28,0.5866,0.65095,1.26466,0.2862,0.30996,0.81324,0.90886
medium_food_adaptive,29,0.55,0.659,1.28342,0.27195,0.31871,0.83717,0.89888
medium_food_adaptive,30,0.5,0.67,1.2972,0.25823,0.32801,0.86116,0.8844
medium_food_adaptive,31,0.45,0.681,1.30519,0.24512,0.3378,0.88504,0.86896
medium_food_adaptive,32,0.4134,0.68905,1.30792,0.2327,0.34802,0.90859,0.85704
medium_food_adaptive,33,0.4,0.692,1.30709,0.22101,0.3586,0.93166,0.85254
medium_food_adaptive,34,0.4134,0.68905,1.30516,0.21006,0.36949,0.95411,0.85704
medium_food_adaptive,35,0.45,0.681,1.30463,0.1998,0.38067,0.97594,0.86896
medium_food_adaptive,36,0.5,0.67,1.30741,0.19015,0.39217,0.9972,0.8844
medium_food_adaptive,37,0.55,0.659,1.31438,0.18103,0.40408,1.01803,0.89888
medium_food_adaptive,38,0.5866,0.65095,1.32512,0.17234,0.4165,1.03859,0.90886
medium_food_adaptive,39,0.6,0.648,1.33808,0.164,0.42951,1.059,0.91238
medium_food_adaptive,40,0.5866,0.65095,1.35094,0.15598,0.44322,1.07936,0.90886
medium_food_adaptive,41,0.55,0.659,1.36123,0.14826,0.45764,1.09966,0.89888
medium_food_adaptive,42,0.5,0.67,1.36709,0.14088,0.47277,1.11981,0.8844
medium_food_adaptive,43,0.45,0.681,1.36774,0.13385,0.48854,1.13966,0.86896
medium_food_adaptive,44,0.4134,0.68905,1.36375,0.12721,0.50485,1.15904,0.85704
medium_food_adaptive,45,0.4,0.692,1.35689,0.12099,0.52161,1.1778,0.85254
medium_food_adaptive,46,0.4134,0.68905,1.34959,0.11517,0.53874,1.19584,0.85704
medium_food_adaptive,47,0.45,0.681,1.3443,0.10973,0.55624,1.2,0.86896
medium_food_adaptive,48,0.5,0.67,1.34291,0.10463,0.57416,1.2,0.8844
medium_food_adaptive,49,0.55,0.659,1.34618,0.0998,0.59261,1.2,0.89888
medium_food_adaptive,50,0.5866,0.65095,1.35365,0.09519,0.61176,1.2,0.90886
medium_food_adaptive,51,0.6,0.648,1.36366,0.09076,0.63176,1.2,0.91238
medium_food_adaptive,52,0.5866,0.65095,1.37383,0.0865,0.65272,1.2,0.90886
medium_food_adaptive,53,0.55,0.659,1.38167,0.08238,0.67471,1.2,0.89888
medium_food_adaptive,54,0.5,0.67,1.38528,0.07843,0.69771,1.2,0.8844
medium_food_adaptive,55,0.45,0.681,1.38389,0.07467,0.72161,1.2,0.86896
medium_food_adaptive,56,0.4134,0.68905,1.37807,0.07111,0.74629,1.2,0.85704
medium_food_adaptive,57,0.4,0.692,1.36958,0.06776,0.77159,1.2,0.85254
medium_food_adaptive,58,0.4134,0.68905,1.36084,0.06463,0.79742,1.2,0.85704
medium_food_adaptive,59,0.45,0.681,1.35431,0.06169,0.82377,1.2,0.86896
medium_food_adaptive,60,0.5,0.67,1.35182,0.05893,0.85072,1.2,0.8844
medium_food_adaptive,61,0.55,0.659,1.35414,0.05631,0.87845,1.2,0.89888
medium_food_adaptive,62,0.5866,0.65095,1.36076,0.0538,0.90718,1.2,0.90886
medium_food_adaptive,63,0.6,0.648,1.37001,0.05139,0.93715,1.2,0.91238
medium_food_adaptive,64,0.5866,0.65095,1.3795,0.05,0.96854,1.2,0.90886
medium_food_adaptive,65,0.55,0.659,1.38672,0.05,1.00145,1.2,0.89888
medium_food_adaptive,66,0.5,0.67,1.38976,0.05,1.03584,1.2,0.8844
medium_food_adaptive,67,0.45,0.681,1.38786,0.05,1.07156,1.2,0.86896
medium_food_adaptive,68,0.4134,0.68905,1.38158,0.05,1.10841,1.2,0.85704
medium_food_adaptive,69,0.4,0.692,1.37269,0.05,1.14619,1.2,0.85254
medium_food_adaptive,70,0.4134,0.68905,1.3636,0.05,1.18474,1.2,0.85704
medium_food_adaptive,71,0.45,0.681,1.35675,0.05,1.2,1.2,0.86896
medium_food_adaptive,72,0.5,0.67,1.35399,0.05,1.2,1.2,0.8844
medium_food_adaptive,73,0.55,0.659,1.35608,0.05,1.2,1.2,0.89888
medium_food_adaptive,74,0.5866,0.65095,1.36249,0.05,1.2,1.2,0.90886
medium_food_adaptive,75,0.6,0.648,1.37156,0.05,1.2,1.2,0.91238
medium_food_adaptive,76,0.5866,0.65095,1.38088,0.05,1.2,1.2,0.90886
medium_food_adaptive,77,0.55,0.659,1.38795,0.05,1.2,1.2,0.89888
medium_food_adaptive,78,0.5,0.67,1.39085,0.05,1.2,1.2,0.8844
medium_food_adaptive,79,0.45,0.681,1.38882,0.05,1.2,1.2,0.86896
medium_food_adaptive,80,0.4134,0.68905,1.38243,0.05,1.2,1.2,0.85704
medium_food_adaptive,81,0.4,0.692,1.37344,0.05,1.2,1.2,0.85254
medium_food_adaptive,82,0.4134,0.68905,1.36427,0.05,1.2,1.2,0.85704
medium_food_adaptive,83,0.45,0.681,1.35735,0.05,1.2,1.2,0.86896
medium_food_adaptive,84,0.5,0.67,1.35452,0.05,1.2,1.2,0.8844
medium_food_adaptive,85,0.55,0.659,1.35655,0.05,1.2,1.2,0.89888
medium_food_adaptive,86,0.5866,0.65095,1.36291,0.05,1.2,1.2,0.90886
medium_food_adaptive,87,0.6,0.648,1.37193,0.05,1.2,1.2,0.91238
medium_food_adaptive,88,0.5866,0.65095,1.38121,0.05,1.2,1.2,0.90886
medium_food_adaptive,89,0.55,0.659,1.38824,0.05,1.2,1.2,0.89888
medium_food_adaptive,90,0.5,0.67,1.39111,0.05,1.2,1.2,0.8844
medium_food_adaptive,91,0.45,0.681,1.38905,0.05,1.2,1.2,0.86896
medium_food_adaptive,92,0.4134,0.68905,1.38264,0.05,1.2,1.2,0.85704
medium_food_adaptive,93,0.4,0.692,1.37363,0.05,1.2,1.2,0.85254
medium_food_adaptive,94,0.4134,0.68905,1.36443,0.05,1.2,1.2,0.85704
medium_food_adaptive,95,0.45,0.681,1.35749,0.05,1.2,1.2,0.86896
medium_food_adaptive,96,0.5,0.67,1.35465,0.05,1.2,1.2,0.8844
medium_food_adaptive,97,0.55,0.659,1.35666,0.05,1.2,1.2,0.89888
medium_food_adaptive,98,0.5866,0.65095,1.36301,0.05,1.2,1.2,0.90886
medium_food_adaptive,99,0.6,0.648,1.37202,0.05,1.2,1.2,0.91238
medium_food_adaptive,100,0.5866,0.65095,1.38129,0.05,1.2,1.2,0.90886
medium_food_adaptive,101,0.55,0.659,1.38832,0.05,1.2,1.2,0.89888
medium_food_adaptive,102,0.5,0.67,1.39118,0.05,1.2,1.2,0.8844
medium_food_adaptive,103,0.45,0.681,1.38911,0.05,1.2,1.2,0.86896
medium_food_adaptive,104,0.4134,0.68905,1.38269,0.05,1.2,1.2,0.85704
medium_food_adaptive,105,0.4,0.692,1.37367,0.05,1.2,1.2,0.85254
medium_food_adaptive,106,0.4134,0.68905,1.36447,0.05,1.2,1.2,0.85704
medium_food_adaptive,107,0.45,0.681,1.35752,0.05,1.2,1.2,0.86896
medium_food_adaptive,108,0.5,0.67,1.35468,0.05,1.2,1.2,0.8844
medium_food_adaptive,109,0.55,0.659,1.35669,0.05,1.2,1.2,0.89888
medium_food_adaptive,110,0.5866,0.65095,1.36303,0.05,1.2,1.2,0.90886
medium_food_adaptive,111,0.6,0.648,1.37204,0.05,1.2,1.2,0.91238
medium_food_adaptive,112,0.5866,0.65095,1.38131,0.05,1.2,1.2,0.90886
medium_food_adaptive,113,0.55,0.659,1.38833,0.05,1.2,1.2,0.89888
medium_food_adaptive,114,0.5,0.67,1.39119,0.05,1.2,1.2,0.8844
medium_food_adaptive,115,0.45,0.681,1.38912,0.05,1.2,1.2,0.86896
medium_food_adaptive,116,0.4134,0.68905,1.3827,0.05,1.2,1.2,0.85704
medium_food_adaptive,117,0.4,0.692,1.37368,0.05,1.2,1.2,0.85254
medium_food_adaptive,118,0.4134,0.68905,1.36448,0.05,1.2,1.2,0.85704
medium_food_adaptive,119,0.45,0.681,1.35753,0.05,1.2,1.2,0.86896
medium_food_adaptive,120,0.5,0.67,1.35469,0.05,1.2,1.2,0.8844
medium_food_adaptive,121,0.55,0.659,1.35669,0.05,1.2,1.2,0.89888
medium_food_adaptive,122,0.5866,0.65095,1.36304,0.05,1.2,1.2,0.90886
medium_food_adaptive,123,0.6,0.648,1.37205,0.05,1.2,1.2,0.91238
medium_food_adaptive,124,0.5866,0.65095,1.38132,0.05,1.2,1.2,0.90886
medium_food_adaptive,125,0.55,0.659,1.38834,0.05,1.2,1.2,0.89888
medium_food_adaptive,126,0.5,0.67,1.3912,0.05,1.2,1.2,0.8844
medium_food_adaptive,127,0.45,0.681,1.38913,0.05,1.2,1.2,0.86896
medium_food_adaptive,128,0.4134,0.68905,1.38271,0.05,1.2,1.2,0.85704
medium_food_adaptive,129,0.4,0.692,1.37368,0.05,1.2,1.2,0.85254
medium_food_adaptive,130,0.4134,0.68905,1.36448,0.05,1.2,1.2,0.85704
medium_food_adaptive,131,0.45,0.681,1.35753,0.05,1.2,1.2,0.86896
medium_food_adaptive,132,0.5,0.67,1.35469,0.05,1.2,1.2,0.8844
medium_food_adaptive,133,0.55,0.659,1.3567,0.05,1.2,1.2,0.89888
medium_food_adaptive,134,0.5866,0.65095,1.36304,0.05,1.2,1.2,0.90886
medium_food_adaptive,135,0.6,0.648,1.37205,0.05,1.2,1.2,0.91238
medium_food_adaptive,136,0.5866,0.65095,1.38132,0.05,1.2,1.2,0.90886
medium_food_adaptive,137,0.55,0.659,1.38834,0.05,1.2,1.2,0.89888
medium_food_adaptive,138,0.5,0.67,1.3912,0.05,1.2,1.2,0.8844
medium_food_adaptive,139,0.45,0.681,1.38913,0.05,1.2,1.2,0.86896
medium_food_adaptive,140,0.4134,0.68905,1.38271,0.05,1.2,1.2,0.85704
medium_food_adaptive,141,0.4,0.692,1.37368,0.05,1.2,1.2,0.85254
medium_food_adaptive,142,0.4134,0.68905,1.36448,0.05,1.2,1.2,0.85704
medium_food_adaptive,143,0.45,0.681,1.35754,0.05,1.2,1.2,0.86896
medium_food_adaptive,144,0.5,0.67,1.35469,0.05,1.2,1.2,0.8844
medium_food_adaptive,145,0.55,0.659,1.3567,0.05,1.2,1.2,0.89888
medium_food_adaptive,146,0.5866,0.65095,1.36304,0.05,1.2,1.2,0.90886
medium_food_adaptive,147,0.6,0.648,1.37205,0.05,1.2,1.2,0.91238
medium_food_adaptive,148,0.5866,0.65095,1.38132,0.05,1.2,1.2,0.90886
medium_food_adaptive,149,0.55,0.659,1.38834,0.05,1.2,1.2,0.89888
medium_food_adaptive,150,0.5,0.67,1.3912,0.05,1.2,1.2,0.8844
medium_food_adaptive,151,0.45,0.681,1.38913,0.05,1.2,1.2,0.86896
medium_food_adaptive,152,0.4134,0.68905,1.38271,0.05,1.2,1.2,0.85704
medium_food_adaptive,153,0.4,0.692,1.37368,0.05,1.2,1.2,0.85254
medium_food_adaptive,154,0.4134,0.68905,1.36448,0.05,1.2,1.2,0.85704
medium_food_adaptive,155,0.45,0.681,1.35754,0.05,1.2,1.2,0.86896
medium_food_adaptive,156,0.5,0.67,1.35469,0.05,1.2,1.2,0.8844
medium_food_adaptive,157,0.55,0.659,1.3567,0.05,1.2,1.2,0.89888
medium_food_adaptive,158,0.5866,0.65095,1.36304,0.05,1.2,1.2,0.90886
medium_food_adaptive,159,0.6,0.648,1.37205,0.05,1.2,1.2,0.91238
medium_food_adaptive,160,0.5866,0.65095,1.38132,0.05,1.2,1.2,0.90886
medium_food_adaptive,161,0.55,0.659,1.38834,0.05,1.2,1.2,0.89888
medium_food_adaptive,162,0.5,0.67,1.3912,0.05,1.2,1.2,0.8844
medium_food_adaptive,163,0.45,0.681,1.38913,0.05,1.2,1.2,0.86896
medium_food_adaptive,164,0.4134,0.68905,1.38271,0.05,1.2,1.2,0.85704
medium_food_adaptive,165,0.4,0.692,1.37368,0.05,1.2,1.2,0.85254
medium_food_adaptive,166,0.4134,0.68905,1.36448,0.05,1.2,1.2,0.85704
medium_food_adaptive,167,0.45,0.681,1.35754,0.05,1.2,1.2,0.86896
medium_food_adaptive,168,0.5,0.67,1.35469,0.05,1.2,1.2,0.8844
medium_food_adaptive,169,0.55,0.659,1.3567,0.05,1.2,1.2,0.89888
medium_food_adaptive,170,0.5866,0.65095,1.36304,0.05,1.2,1.2,0.90886
medium_food_adaptive,171,0.6,0.648,1.37205,0.05,1.2,1.2,0.91238
medium_food_adaptive,172,0.5866,0.65095,1.38132,0.05,1.2,1.2,0.90886
medium_food_adaptive,173,0.55,0.659,1.38834,0.05,1.2,1.2,0.89888
medium_food_adaptive,174,0.5,0.67,1.3912,0.05,1.2,1.2,0.8844
medium_food_adaptive,175,0.45,0.681,1.38913,0.05,1.2,1.2,0.86896
medium_food_adaptive,176,0.4134,0.68905,1.38271,0.05,1.2,1.2,0.85704
medium_food_adaptive,177,0.4,0.692,1.37368,0.05,1.2,1.2,0.85254
medium_food_adaptive,178,0.4134,0.68905,1.36448,0.05,1.2,1.2,0.85704
medium_food_adaptive,179,0.45,0.681,1.35754,0.05,1.2,1.2,0.86896
medium_food_adaptive,180,0.5,0.67,1.35469,0.05,1.2,1.2,0.8844
medium_food_adaptive,181,0.55,0.659,1.3567,0.05,1.2,1.2,0.89888
medium_food_adaptive,182,0.5866,0.65095,1.36304,0.05,1.2,1.2,0.90886
medium_food_adaptive,183,0.6,0.648,1.37205,0.05,1.2,1.2,0.91238
medium_food_adaptive,184,0.5866,0.65095,1.38132,0.05,1.2,1.2,0.90886
medium_food_adaptive,185,0.55,0.659,1.38834,0.05,1.2,1.2,0.89888
medium_food_adaptive,186,0.5,0.67,1.3912,0.05,1.2,1.2,0.8844
medium_food_adaptive,187,0.45,0.681,1.38913,0.05,1.2,1.2,0.86896
medium_food_adaptive,188,0.4134,0.68905,1.38271,0.05,1.2,1.2,0.85704
medium_food_adaptive,189,0.4,0.692,1.37368,0.05,1.2,1.2,0.85254
medium_food_adaptive,190,0.4134,0.68905,1.36448,0.05,1.2,1.2,0.85704
medium_food_adaptive,191,0.45,0.681,1.35754,0.05,1.2,1.2,0.86896
medium_food_adaptive,192,0.5,0.67,1.35469,0.05,1.2,1.2,0.8844
medium_food_adaptive,193,0.55,0.659,1.3567,0.05,1.2,1.2,0.89888
medium_food_adaptive,194,0.5866,0.65095,1.36304,0.05,1.2,1.2,0.90886
medium_food_adaptive,195,0.6,0.648,1.37205,0.05,1.2,1.2,0.91238
medium_food_adaptive,196,0.5866,0.65095,1.38132,0.05,1.2,1.2,0.90886
medium_food_adaptive,197,0.55,0.659,1.38834,0.05,1.2,1.2,0.89888
medium_food_adaptive,198,0.5,0.67,1.3912,0.05,1.2,1.2,0.8844
medium_food_adaptive,199,0.45,0.681,1.38913,0.05,1.2,1.2,0.86896
medium_food_adaptive,200,0.4134,0.68905,1.38271,0.05,1.2,1.2,0.85704
medium_food_adaptive,201,0.4,0.692,1.37368,0.05,1.2,1.2,0.85254
medium_food_adaptive,202,0.4134,0.68905,1.36448,0.05,1.2,1.2,0.85704
medium_food_adaptive,203,0.45,0.681,1.35754,0.05,1.2,1.2,0.86896
medium_food_adaptive,204,0.5,0.67,1.35469,0.05,1.2,1.2,0.8844
medium_food_adaptive,205,0.55,0.659,1.3567,0.05,1.2,1.2,0.89888
medium_food_adaptive,206,0.5866,0.65095,1.36304,0.05,1.2,1.2,0.90886
medium_food_adaptive,207,0.6,0.648,1.37205,0.05,1.2,1.2,0.91238
medium_food_adaptive,208,0.5866,0.65095,1.38132,0.05,1.2,1.2,0.90886
medium_food_adaptive,209,0.55,0.659,1.38834,0.05,1.2,1.2,0.89888
medium_food_adaptive,210,0.5,0.67,1.3912,0.05,1.2,1.2,0.8844
medium_food_adaptive,211,0.45,0.681,1.38913,0.05,1.2,1.2,0.86896
medium_food_adaptive,212,0.4134,0.68905,1.38271,0.05,1.2,1.2,0.85704
medium_food_adaptive,213,0.4,0.692,1.37368,0.05,1.2,1.2,0.85254
medium_food_adaptive,214,0.4134,0.68905,1.36448,0.05,1.2,1.2,0.85704
medium_food_adaptive,215,0.45,0.681,1.35754,0.05,1.2,1.2,0.86896
medium_food_adaptive,216,0.5,0.67,1.35469,0.05,1.2,1.2,0.8844
medium_food_adaptive,217,0.55,0.659,1.3567,0.05,1.2,1.2,0.89888
medium_food_adaptive,218,0.5866,0.65095,1.36304,0.05,1.2,1.2,0.90886
medium_food_adaptive,219,0.6,0.648,1.37205,0.05,1.2,1.2,0.91238
medium_food_adaptive,220,0.5866,0.65095,1.38132,0.05,1.2,1.2,0.90886
medium_food_adaptive,221,0.55,0.659,1.38834,0.05,1.2,1.2,0.89888
medium_food_adaptive,222,0.5,0.67,1.3912,0.05,1.2,1.2,0.8844
medium_food_adaptive,223,0.45,0.681,1.38913,0.05,1.2,1.2,0.86896
medium_food_adaptive,224,0.4134,0.68905,1.38271,0.05,1.2,1.2,0.85704
medium_food_adaptive,225,0.4,0.692,1.37368,0.05,1.2,1.2,0.85254
medium_food_adaptive,226,0.4134,0.68905,1.36448,0.05,1.2,1.2,0.85704
medium_food_adaptive,227,0.45,0.681,1.35754,0.05,1.2,1.2,0.86896
medium_food_adaptive,228,0.5,0.67,1.35469,0.05,1.2,1.2,0.8844
medium_food_adaptive,229,0.55,0.659,1.3567,0.05,1.2,1.2,0.89888
medium_food_adaptive,230,0.5866,0.65095,1.36304,0.05,1.2,1.2,0.90886
medium_food_adaptive,231,0.6,0.648,1.37205,0.05,1.2,1.2,0.91238
medium_food_adaptive,232,0.5866,0.65095,1.38132,0.05,1.2,1.2,0.90886
medium_food_adaptive,233,0.55,0.659,1.38834,0.05,1.2,1.2,0.89888
medium_food_adaptive,234,0.5,0.67,1.3912,0.05,1.2,1.2,0.8844
medium_food_adaptive,235,0.45,0.681,1.38913,0.05,1.2,1.2,0.86896
medium_food_adaptive,236,0.4134,0.68905,1.38271,0.05,1.2,1.2,0.85704
medium_food_adaptive,237,0.4,0.692,1.37368,0.05,1.2,1.2,0.85254
medium_food_adaptive,238,0.4134,0.68905,1.36448,0.05,1.2,1.2,0.85704
medium_food_adaptive,239,0.45,0.681,1.35754,0.05,1.2,1.2,0.86896
medium_food_adaptive,240,0.5,0.67,1.35469,0.05,1.2,1.2,0.8844
high_food_adaptive,0,0.9,0.582,0.42,0.78,0.24,0.3,0.9731
high_food_adaptive,1,0.95,0.571,0.46717,0.77049,0.23664,0.3072,0.97984
high_food_adaptive,2,0.9866,0.56295,0.51952,0.75875,0.23389,0.31587,0.98415
high_food_adaptive,3,1.0,0.56,0.57678,0.74467,0.23177,0.32616,0.9856
high_food_adaptive,4,0.9866,0.56295,0.63794,0.72821,0.23035,0.33819,0.98415
high_food_adaptive,5,0.95,0.571,0.7014,0.70939,0.22963,0.35206,0.97984
high_food_adaptive,6,0.9,0.582,0.7652,0.68838,0.22965,0.36781,0.9731
high_food_adaptive,7,0.85,0.593,0.82748,0.66545,0.2304,0.3854,0.9654
high_food_adaptive,8,0.8134,0.60105,0.88709,0.64098,0.23187,0.40472,0.95915
high_food_adaptive,9,0.8,0.604,0.94383,0.61536,0.23403,0.42565,0.95674
high_food_adaptive,10,0.8134,0.60105,0.99852,0.58896,0.23689,0.44805,0.95915
high_food_adaptive,11,0.85,0.593,1.05257,0.56209,0.24042,0.47179,0.9654
high_food_adaptive,12,0.9,0.582,1.10734,0.53496,0.24466,0.49684,0.9731
high_food_adaptive,13,0.95,0.571,1.16356,0.5077,0.24964,0.52318,0.97984
high_food_adaptive,14,0.9866,0.56295,1.22092,0.48041,0.25543,0.55082,0.98415
high_food_adaptive,15,1.0,0.56,1.27793,0.4532,0.26208,0.57978,0.9856
high_food_adaptive,16,0.9866,0.56295,1.3322,0.42624,0.26966,0.61001,0.98415
high_food_adaptive,17,0.95,0.571,1.38098,0.39975,0.27818,0.64139,0.97984
high_food_adaptive,18,0.9,0.582,1.4,0.37399,0.28765,0.67369,0.9731
high_food_adaptive,19,0.85,0.593,1.4,0.34987,0.29772,0.70585,0.9654
high_food_adaptive,20,0.8134,0.60105,1.4,0.32773,0.30814,0.7372,0.95915
high_food_adaptive,21,0.8,0.604,1.4,0.30738,0.31893,0.76777,0.95674
high_food_adaptive,22,0.8134,0.60105,1.4,0.28862,0.33009,0.79758,0.95915
high_food_adaptive,23,0.85,0.593,1.4,0.27129,0.34164,0.82664,0.9654
high_food_adaptive,24,0.9,0.582,1.4,0.25524,0.3536,0.85497,0.9731
high_food_adaptive,25,0.95,0.571,1.4,0.24035,0.36597,0.8826,0.97984
high_food_adaptive,26,0.9866,0.56295,1.4,0.22652,0.37878,0.90953,0.98415
high_food_adaptive,27,1.0,0.56,1.4,0.21365,0.39204,0.9358,0.9856
high_food_adaptive,28,0.9866,0.56295,1.4,0.20166,0.40576,0.9614,0.98415
high_food_adaptive,29,0.95,0.571,1.4,0.19046,0.41996,0.98637,0.97984
high_food_adaptive,30,0.9,0.582,1.4,0.18,0.43466,1.01071,0.9731
high_food_adaptive,31,0.85,0.593,1.4,0.17021,0.44988,1.03444,0.9654
high_food_adaptive,32,0.8134,0.60105,1.4,0.16104,0.46562,1.05758,0.95915
high_food_adaptive,33,0.8,0.604,1.4,0.15244,0.48192,1.08014,0.95674
high_food_adaptive,34,0.8134,0.60105,1.4,0.14436,0.49878,1.10213,0.95915
high_food_adaptive,35,0.85,0.593,1.4,0.13678,0.51624,1.12358,0.9654
high_food_adaptive,36,0.9,0.582,1.4,0.12965,0.53431,1.14449,0.9731
high_food_adaptive,37,0.95,0.571,1.4,0.12294,0.55301,1.16488,0.97984
high_food_adaptive,38,0.9866,0.56295,1.4,0.11662,0.57237,1.18476,0.98415
high_food_adaptive,39,1.0,0.56,1.4,0.11066,0.5924,1.2,0.9856
high_food_adaptive,40,0.9866,0.56295,1.4,0.10504,0.61313,1.2,0.98415
high_food_adaptive,41,0.95,0.571,1.4,0.09974,0.63459,1.2,0.97984
high_food_adaptive,42,0.9,0.582,1.4,0.09473,0.6568,1.2,0.9731
high_food_adaptive,43,0.85,0.593,1.4,0.09,0.67979,1.2,0.9654
high_food_adaptive,44,0.8134,0.60105,1.4,0.08553,0.70359,1.2,0.95915
high_food_adaptive,45,0.8,0.604,1.4,0.0813,0.72821,1.2,0.95674
high_food_adaptive,46,0.8134,0.60105,1.4,0.07729,0.7537,1.2,0.95915
high_food_adaptive,47,0.85,0.593,1.4,0.0735,0.78008,1.2,0.9654
high_food_adaptive,48,0.9,0.582,1.4,0.06991,0.80738,1.2,0.9731
high_food_adaptive,49,0.95,0.571,1.4,0.06651,0.83564,1.2,0.97984
high_food_adaptive,50,0.9866,0.56295,1.4,0.06329,0.86489,1.2,0.98415
high_food_adaptive,51,1.0,0.56,1.4,0.06023,0.89516,1.2,0.9856
high_food_adaptive,52,0.9866,0.56295,1.4,0.05733,0.92649,1.2,0.98415
high_food_adaptive,53,0.95,0.571,1.4,0.05458,0.95891,1.2,0.97984
high_food_adaptive,54,0.9,0.582,1.4,0.05197,0.99248,1.2,0.9731
high_food_adaptive,55,0.85,0.593,1.4,0.05,1.02721,1.2,0.9654
high_food_adaptive,56,0.8134,0.60105,1.4,0.05,1.06317,1.2,0.95915
high_food_adaptive,57,0.8,0.604,1.4,0.05,1.10038,1.2,0.95674
high_food_adaptive,58,0.8134,0.60105,1.4,0.05,1.13889,1.2,0.95915
high_food_adaptive,59,0.85,0.593,1.4,0.05,1.17875,1.2,0.9654
high_food_adaptive,60,0.9,0.582,1.4,0.05,1.2,1.2,0.9731
high_food_adaptive,61,0.95,0.571,1.4,0.05,1.2,1.2,0.97984
high_food_adaptive,62,0.9866,0.56295,1.4,0.05,1.2,1.2,0.98415
high_food_adaptive,63,1.0,0.56,1.4,0.05,1.2,1.2,0.9856
high_food_adaptive,64,0.9866,0.56295,1.4,0.05,1.2,1.2,0.98415
high_food_adaptive,65,0.95,0.571,1.4,0.05,1.2,1.2,0.97984
high_food_adaptive,66,0.9,0.582,1.4,0.05,1.2,1.2,0.9731
high_food_adaptive,67,0.85,0.593,1.4,0.05,1.2,1.2,0.9654
high_food_adaptive,68,0.8134,0.60105,1.4,0.05,1.2,1.2,0.95915
high_food_adaptive,69,0.8,0.604,1.4,0.05,1.2,1.2,0.95674
high_food_adaptive,70,0.8134,0.60105,1.4,0.05,1.2,1.2,0.95915
high_food_adaptive,71,0.85,0.593,1.4,0.05,1.2,1.2,0.9654
high_food_adaptive,72,0.9,0.582,1.4,0.05,1.2,1.2,0.9731
high_food_adaptive,73,0.95,0.571,1.4,0.05,1.2,1.2,0.97984
high_food_adaptive,74,0.9866,0.56295,1.4,0.05,1.2,1.2,0.98415
high_food_adaptive,75,1.0,0.56,1.4,0.05,1.2,1.2,0.9856
high_food_adaptive,76,0.9866,0.56295,1.4,0.05,1.2,1.2,0.98415
high_food_adaptive,77,0.95,0.571,1.4,0.05,1.2,1.2,0.97984
high_food_adaptive,78,0.9,0.582,1.4,0.05,1.2,1.2,0.9731
high_food_adaptive,79,0.85,0.593,1.4,0.05,1.2,1.2,0.9654
high_food_adaptive,80,0.8134,0.60105,1.4,0.05,1.2,1.2,0.95915
high_food_adaptive,81,0.8,0.604,1.4,0.05,1.2,1.2,0.95674
high_food_adaptive,82,0.8134,0.60105,1.4,0.05,1.2,1.2,0.95915
high_food_adaptive,83,0.85,0.593,1.4,0.05,1.2,1.2,0.9654
high_food_adaptive,84,0.9,0.582,1.4,0.05,1.2,1.2,0.9731
high_food_adaptive,85,0.95,0.571,1.4,0.05,1.2,1.2,0.97984
high_food_adaptive,86,0.9866,0.56295,1.4,0.05,1.2,1.2,0.98415
high_food_adaptive,87,1.0,0.56,1.4,0.05,1.2,1.2,0.9856
high_food_adaptive,88,0.9866,0.56295,1.4,0.05,1.2,1.2,0.98415
high_food_adaptive,89,0.95,0.571,1.4,0.05,1.2,1.2,0.97984
high_food_adaptive,90,0.9,0.582,1.4,0.05,1.2,1.2,0.9731
high_food_adaptive,91,0.85,0.593,1.4,0.05,1.2,1.2,0.9654
high_food_adaptive,92,0.8134,0.60105,1.4,0.05,1.2,1.2,0.95915
high_food_adaptive,93,0.8,0.604,1.4,0.05,1.2,1.2,0.95674
high_food_adaptive,94,0.8134,0.60105,1.4,0.05,1.2,1.2,0.95915
high_food_adaptive,95,0.85,0.593,1.4,0.05,1.2,1.2,0.9654
high_food_adaptive,96,0.9,0.582,1.4,0.05,1.2,1.2,0.9731
high_food_adaptive,97,0.95,0.571,1.4,0.05,1.2,1.2,0.97984
high_food_adaptive,98,0.9866,0.56295,1.4,0.05,1.2,1.2,0.98415
high_food_adaptive,99,1.0,0.56,1.4,0.05,1.2,1.2,0.9856
high_food_adaptive,100,0.9866,0.56295,1.4,0.05,1.2,1.2,0.98415
high_food_adaptive,101,0.95,0.571,1.4,0.05,1.2,1.2,0.97984
high_food_adaptive,102,0.9,0.582,1.4,0.05,1.2,1.2,0.9731
high_food_adaptive,103,0.85,0.593,1.4,0.05,1.2,1.2,0.9654
high_food_adaptive,104,0.8134,0.60105,1.4,0.05,1.2,1.2,0.95915
high_food_adaptive,105,0.8,0.604,1.4,0.05,1.2,1.2,0.95674
high_food_adaptive,106,0.8134,0.60105,1.4,0.05,1.2,1.2,0.95915
high_food_adaptive,107,0.85,0.593,1.4,0.05,1.2,1.2,0.9654
high_food_adaptive,108,0.9,0.582,1.4,0.05,1.2,1.2,0.9731
high_food_adaptive,109,0.95,0.571,1.4,0.05,1.2,1.2,0.97984
high_food_adaptive,110,0.9866,0.56295,1.4,0.05,1.2,1.2,0.98415
high_food_adaptive,111,1.0,0.56,1.4,0.05,1.2,1.2,0.9856
high_food_adaptive,112,0.9866,0.56295,1.4,0.05,1.2,1.2,0.98415
high_food_adaptive,113,0.95,0.571,1.4,0.05,1.2,1.2,0.97984
high_food_adaptive,114,0.9,0.582,1.4,0.05,1.2,1.2,0.9731
high_food_adaptive,115,0.85,0.593,1.4,0.05,1.2,1.2,0.9654
high_food_adaptive,116,0.8134,0.60105,1.4,0.05,1.2,1.2,0.95915
high_food_adaptive,117,0.8,0.604,1.4,0.05,1.2,1.2,0.95674
high_food_adaptive,118,0.8134,0.60105,1.4,0.05,1.2,1.2,0.95915
high_food_adaptive,119,0.85,0.593,1.4,0.05,1.2,1.2,0.9654
high_food_adaptive,120,0.9,0.582,1.4,0.05,1.2,1.2,0.9731
high_food_adaptive,121,0.95,0.571,1.4,0.05,1.2,1.2,0.97984
high_food_adaptive,122,0.9866,0.56295,1.4,0.05,1.2,1.2,0.98415
high_food_adaptive,123,1.0,0.56,1.4,0.05,1.2,1.2,0.9856
high_food_adaptive,124,0.9866,0.56295,1.4,0.05,1.2,1.2,0.98415
high_food_adaptive,125,0.95,0.571,1.4,0.05,1.2,1.2,0.97984
high_food_adaptive,126,0.9,0.582,1.4,0.05,1.2,1.2,0.9731
high_food_adaptive,127,0.85,0.593,1.4,0.05,1.2,1.2,0.9654
high_food_adaptive,128,0.8134,0.60105,1.4,0.05,1.2,1.2,0.95915
high_food_adaptive,129,0.8,0.604,1.4,0.05,1.2,1.2,0.95674
high_food_adaptive,130,0.8134,0.60105,1.4,0.05,1.2,1.2,0.95915
high_food_adaptive,131,0.85,0.593,1.4,0.05,1.2,1.2,0.9654
high_food_adaptive,132,0.9,0.582,1.4,0.05,1.2,1.2,0.9731
high_food_adaptive,133,0.95,0.571,1.4,0.05,1.2,1.2,0.97984
high_food_adaptive,134,0.9866,0.56295,1.4,0.05,1.2,1.2,0.98415
high_food_adaptive,135,1.0,0.56,1.4,0.05,1.2,1.2,0.9856
high_food_adaptive,136,0.9866,0.56295,1.4,0.05,1.2,1.2,0.98415
high_food_adaptive,137,0.95,0.571,1.4,0.05,1.2,1.2,0.97984
high_food_adaptive,138,0.9,0.582,1.4,0.05,1.2,1.2,0.9731
high_food_adaptive,139,0.85,0.593,1.4,0.05,1.2,1.2,0.9654
high_food_adaptive,140,0.8134,0.60105,1.4,0.05,1.2,1.2,0.95915
high_food_adaptive,141,0.8,0.604,1.4,0.05,1.2,1.2,0.95674
high_food_adaptive,142,0.8134,0.60105,1.4,0.05,1.2,1.2,0.95915
high_food_adaptive,143,0.85,0.593,1.4,0.05,1.2,1.2,0.9654
high_food_adaptive,144,0.9,0.582,1.4,0.05,1.2,1.2,0.9731
high_food_adaptive,145,0.95,0.571,1.4,0.05,1.2,1.2,0.97984
high_food_adaptive,146,0.9866,0.56295,1.4,0.05,1.2,1.2,0.98415
high_food_adaptive,147,1.0,0.56,1.4,0.05,1.2,1.2,0.9856
high_food_adaptive,148,0.9866,0.56295,1.4,0.05,1.2,1.2,0.98415
high_food_adaptive,149,0.95,0.571,1.4,0.05,1.2,1.2,0.97984
high_food_adaptive,150,0.9,0.582,1.4,0.05,1.2,1.2,0.9731
high_food_adaptive,151,0.85,0.593,1.4,0.05,1.2,1.2,0.9654
high_food_adaptive,152,0.8134,0.60105,1.4,0.05,1.2,1.2,0.95915
high_food_adaptive,153,0.8,0.604,1.4,0.05,1.2,1.2,0.95674
high_food_adaptive,154,0.8134,0.60105,1.4,0.05,1.2,1.2,0.95915
high_food_adaptive,155,0.85,0.593,1.4,0.05,1.2,1.2,0.9654
high_food_adaptive,156,0.9,0.582,1.4,0.05,1.2,1.2,0.9731
high_food_adaptive,157,0.95,0.571,1.4,0.05,1.2,1.2,0.97984
high_food_adaptive,158,0.9866,0.56295,1.4,0.05,1.2,1.2,0.98415
high_food_adaptive,159,1.0,0.56,1.4,0.05,1.2,1.2,0.9856
high_food_adaptive,160,0.9866,0.56295,1.4,0.05,1.2,1.2,0.98415
high_food_adaptive,161,0.95,0.571,1.4,0.05,1.2,1.2,0.97984
high_food_adaptive,162,0.9,0.582,1.4,0.05,1.2,1.2,0.9731
high_food_adaptive,163,0.85,0.593,1.4,0.05,1.2,1.2,0.9654
high_food_adaptive,164,0.8134,0.60105,1.4,0.05,1.2,1.2,0.95915
high_food_adaptive,165,0.8,0.604,1.4,0.05,1.2,1.2,0.95674
high_food_adaptive,166,0.8134,0.60105,1.4,0.05,1.2,1.2,0.95915
high_food_adaptive,167,0.85,0.593,1.4,0.05,1.2,1.2,0.9654
high_food_adaptive,168,0.9,0.582,1.4,0.05,1.2,1.2,0.9731
high_food_adaptive,169,0.95,0.571,1.4,0.05,1.2,1.2,0.97984
high_food_adaptive,170,0.9866,0.56295,1.4,0.05,1.2,1.2,0.98415
high_food_adaptive,171,1.0,0.56,1.4,0.05,1.2,1.2,0.9856
high_food_adaptive,172,0.9866,0.56295,1.4,0.05,1.2,1.2,0.98415
high_food_adaptive,173,0.95,0.571,1.4,0.05,1.2,1.2,0.97984
high_food_adaptive,174,0.9,0.582,1.4,0.05,1.2,1.2,0.9731
high_food_adaptive,175,0.85,0.593,1.4,0.05,1.2,1.2,0.9654
high_food_adaptive,176,0.8134,0.60105,1.4,0.05,1.2,1.2,0.95915
high_food_adaptive,177,0.8,0.604,1.4,0.05,1.2,1.2,0.95674
high_food_adaptive,178,0.8134,0.60105,1.4,0.05,1.2,1.2,0.95915
high_food_adaptive,179,0.85,0.593,1.4,0.05,1.2,1.2,0.9654
high_food_adaptive,180,0.9,0.582,1.4,0.05,1.2,1.2,0.9731
high_food_adaptive,181,0.95,0.571,1.4,0.05,1.2,1.2,0.97984
high_food_adaptive,182,0.9866,0.56295,1.4,0.05,1.2,1.2,0.98415
high_food_adaptive,183,1.0,0.56,1.4,0.05,1.2,1.2,0.9856
high_food_adaptive,184,0.9866,0.56295,1.4,0.05,1.2,1.2,0.98415
high_food_adaptive,185,0.95,0.571,1.4,0.05,1.2,1.2,0.97984
high_food_adaptive,186,0.9,0.582,1.4,0.05,1.2,1.2,0.9731
high_food_adaptive,187,0.85,0.593,1.4,0.05,1.2,1.2,0.9654
high_food_adaptive,188,0.8134,0.60105,1.4,0.05,1.2,1.2,0.95915
high_food_adaptive,189,0.8,0.604,1.4,0.05,1.2,1.2,0.95674
high_food_adaptive,190,0.8134,0.60105,1.4,0.05,1.2,1.2,0.95915
high_food_adaptive,191,0.85,0.593,1.4,0.05,1.2,1.2,0.9654
high_food_adaptive,192,0.9,0.582,1.4,0.05,1.2,1.2,0.9731
high_food_adaptive,193,0.95,0.571,1.4,0.05,1.2,1.2,0.97984
high_food_adaptive,194,0.9866,0.56295,1.4,0.05,1.2,1.2,0.98415
high_food_adaptive,195,1.0,0.56,1.4,0.05,1.2,1.2,0.9856
high_food_adaptive,196,0.9866,0.56295,1.4,0.05,1.2,1.2,0.98415
high_food_adaptive,197,0.95,0.571,1.4,0.05,1.2,1.2,0.97984
high_food_adaptive,198,0.9,0.582,1.4,0.05,1.2,1.2,0.9731
high_food_adaptive,199,0.85,0.593,1.4,0.05,1.2,1.2,0.9654
high_food_adaptive,200,0.8134,0.60105,1.4,0.05,1.2,1.2,0.95915
high_food_adaptive,201,0.8,0.604,1.4,0.05,1.2,1.2,0.95674
high_food_adaptive,202,0.8134,0.60105,1.4,0.05,1.2,1.2,0.95915
high_food_adaptive,203,0.85,0.593,1.4,0.05,1.2,1.2,0.9654
high_food_adaptive,204,0.9,0.582,1.4,0.05,1.2,1.2,0.9731
high_food_adaptive,205,0.95,0.571,1.4,0.05,1.2,1.2,0.97984
high_food_adaptive,206,0.9866,0.56295,1.4,0.05,1.2,1.2,0.98415
high_food_adaptive,207,1.0,0.56,1.4,0.05,1.2,1.2,0.9856
high_food_adaptive,208,0.9866,0.56295,1.4,0.05,1.2,1.2,0.98415
high_food_adaptive,209,0.95,0.571,1.4,0.05,1.2,1.2,0.97984
high_food_adaptive,210,0.9,0.582,1.4,0.05,1.2,1.2,0.9731
high_food_adaptive,211,0.85,0.593,1.4,0.05,1.2,1.2,0.9654
high_food_adaptive,212,0.8134,0.60105,1.4,0.05,1.2,1.2,0.95915
high_food_adaptive,213,0.8,0.604,1.4,0.05,1.2,1.2,0.95674
high_food_adaptive,214,0.8134,0.60105,1.4,0.05,1.2,1.2,0.95915
high_food_adaptive,215,0.85,0.593,1.4,0.05,1.2,1.2,0.9654
high_food_adaptive,216,0.9,0.582,1.4,0.05,1.2,1.2,0.9731
high_food_adaptive,217,0.95,0.571,1.4,0.05,1.2,1.2,0.97984
high_food_adaptive,218,0.9866,0.56295,1.4,0.05,1.2,1.2,0.98415
high_food_adaptive,219,1.0,0.56,1.4,0.05,1.2,1.2,0.9856
high_food_adaptive,220,0.9866,0.56295,1.4,0.05,1.2,1.2,0.98415
high_food_adaptive,221,0.95,0.571,1.4,0.05,1.2,1.2,0.97984
high_food_adaptive,222,0.9,0.582,1.4,0.05,1.2,1.2,0.9731
high_food_adaptive,223,0.85,0.593,1.4,0.05,1.2,1.2,0.9654
high_food_adaptive,224,0.8134,0.60105,1.4,0.05,1.2,1.2,0.95915
high_food_adaptive,225,0.8,0.604,1.4,0.05,1.2,1.2,0.95674
high_food_adaptive,226,0.8134,0.60105,1.4,0.05,1.2,1.2,0.95915
high_food_adaptive,227,0.85,0.593,1.4,0.05,1.2,1.2,0.9654
high_food_adaptive,228,0.9,0.582,1.4,0.05,1.2,1.2,0.9731
high_food_adaptive,229,0.95,0.571,1.4,0.05,1.2,1.2,0.97984
high_food_adaptive,230,0.9866,0.56295,1.4,0.05,1.2,1.2,0.98415
high_food_adaptive,231,1.0,0.56,1.4,0.05,1.2,1.2,0.9856
high_food_adaptive,232,0.9866,0.56295,1.4,0.05,1.2,1.2,0.98415
high_food_adaptive,233,0.95,0.571,1.4,0.05,1.2,1.2,0.97984
high_food_adaptive,234,0.9,0.582,1.4,0.05,1.2,1.2,0.9731
high_food_adaptive,235,0.85,0.593,1.4,0.05,1.2,1.2,0.9654
high_food_adaptive,236,0.8134,0.60105,1.4,0.05,1.2,1.2,0.95915
high_food_adaptive,237,0.8,0.604,1.4,0.05,1.2,1.2,0.95674
high_food_adaptive,238,0.8134,0.60105,1.4,0.05,1.2,1.2,0.95915
high_food_adaptive,239,0.85,0.593,1.4,0.05,1.2,1.2,0.9654
high_food_adaptive,240,0.9,0.582,1.4,0.05,1.2,1.2,0.9731
fixed_equal_ratio,0,0.5,0.5,0.42,0.78,0.24,0.3,1.0
fixed_equal_ratio,1,0.55,0.5,0.45627,0.77049,0.23664,0.3072,1.0
fixed_equal_ratio,2,0.5866,0.5,0.49575,0.75938,0.23376,0.31549,1.0
fixed_equal_ratio,3,0.6,0.5,0.53811,0.74662,0.23137,0.32495,1.0
fixed_equal_ratio,4,0.5866,0.5,0.5825,0.7322,0.2295,0.33566,1.0
fixed_equal_ratio,5,0.55,0.5,0.62763,0.71617,0.22815,0.34766,1.0
fixed_equal_ratio,6,0.5,0.5,0.67204,0.69867,0.22732,0.36094,1.0
fixed_equal_ratio,7,0.45,0.5,0.7145,0.67991,0.227,0.37543,1.0
fixed_equal_ratio,8,0.4134,0.5,0.75434,0.66015,0.22717,0.39105,1.0
fixed_equal_ratio,9,0.4,0.5,0.79171,0.63967,0.22779,0.40768,1.0
fixed_equal_ratio,10,0.4134,0.5,0.82746,0.61872,0.22883,0.4252,1.0
fixed_equal_ratio,11,0.45,0.5,0.86289,0.59747,0.23029,0.44353,1.0
fixed_equal_ratio,12,0.5,0.5,0.89923,0.57603,0.23216,0.46264,1.0
fixed_equal_ratio,13,0.55,0.5,0.93724,0.55443,0.23448,0.48255,1.0
fixed_equal_ratio,14,0.5866,0.5,0.97686,0.53269,0.23726,0.50329,1.0
fixed_equal_ratio,15,0.6,0.5,1.0171,0.51082,0.24054,0.5249,1.0
fixed_equal_ratio,16,0.5866,0.5,1.05618,0.48889,0.24436,0.54737,1.0
fixed_equal_ratio,17,0.55,0.5,1.09198,0.46702,0.24871,0.57066,1.0
fixed_equal_ratio,18,0.5,0.5,1.1226,0.44542,0.25358,0.59461,1.0
fixed_equal_ratio,19,0.45,0.5,1.14698,0.42429,0.25894,0.61903,1.0
fixed_equal_ratio,20,0.4134,0.5,1.16531,0.40385,0.26473,0.6437,1.0
fixed_equal_ratio,21,0.4,0.5,1.17898,0.38428,0.27089,0.6684,1.0
fixed_equal_ratio,22,0.4134,0.5,1.19022,0.36565,0.27738,0.69295,1.0
fixed_equal_ratio,23,0.45,0.5,1.20145,0.34798,0.28417,0.71728,1.0
fixed_equal_ratio,24,0.5,0.5,1.21463,0.33118,0.2913,0.7414,1.0
fixed_equal_ratio,25,0.55,0.5,1.23072,0.31516,0.29879,0.76538,1.0
fixed_equal_ratio,26,0.5866,0.5,1.24952,0.2998,0.30672,0.78932,1.0
fixed_equal_ratio,27,0.6,0.5,1.26965,0.285,0.31515,0.81332,1.0
fixed_equal_ratio,28,0.5866,0.5,1.28894,0.27072,0.32413,0.83742,1.0
fixed_equal_ratio,29,0.55,0.5,1.30502,0.25697,0.33367,0.8616,1.0
fixed_equal_ratio,30,0.5,0.5,1.31603,0.24379,0.34377,0.88574,1.0
fixed_equal_ratio,31,0.45,0.5,1.3212,0.23126,0.35435,0.90966,1.0
fixed_equal_ratio,32,0.4134,0.5,1.32113,0.21943,0.36536,0.93316,1.0
fixed_equal_ratio,33,0.4,0.5,1.31769,0.20834,0.37671,0.95607,1.0
fixed_equal_ratio,34,0.4134,0.5,1.31344,0.19798,0.38834,0.97828,1.0
fixed_equal_ratio,35,0.45,0.5,1.31094,0.18832,0.40025,0.9998,1.0
fixed_equal_ratio,36,0.5,0.5,1.31211,0.17925,0.41248,1.02069,1.0
fixed_equal_ratio,37,0.55,0.5,1.31774,0.17069,0.4251,1.04109,1.0
fixed_equal_ratio,38,0.5866,0.5,1.32731,0.16254,0.43823,1.06119,1.0
fixed_equal_ratio,39,0.6,0.5,1.33919,0.15473,0.45198,1.08111,1.0
fixed_equal_ratio,40,0.5866,0.5,1.35097,0.14723,0.46642,1.10096,1.0
fixed_equal_ratio,41,0.55,0.5,1.36012,0.14001,0.48161,1.12072,1.0
fixed_equal_ratio,42,0.5,0.5,1.3647,0.13311,0.4975,1.1403,1.0
fixed_equal_ratio,43,0.45,0.5,1.36395,0.12655,0.51404,1.15956,1.0
fixed_equal_ratio,44,0.4134,0.5,1.35852,0.12036,0.5311,1.17831,1.0
fixed_equal_ratio,45,0.4,0.5,1.3503,0.11456,0.54859,1.1964,1.0
fixed_equal_ratio,46,0.4134,0.5,1.34189,0.10915,0.56642,1.2,1.0
fixed_equal_ratio,47,0.45,0.5,1.33583,0.10409,0.5846,1.2,1.0
fixed_equal_ratio,48,0.5,0.5,1.33397,0.09934,0.60319,1.2,1.0
fixed_equal_ratio,49,0.55,0.5,1.337,0.09485,0.62231,1.2,1.0
fixed_equal_ratio,50,0.5866,0.5,1.34435,0.09056,0.64213,1.2,1.0
fixed_equal_ratio,51,0.6,0.5,1.35427,0.08643,0.66282,1.2,1.0
fixed_equal_ratio,52,0.5866,0.5,1.3643,0.08245,0.6845,1.2,1.0
fixed_equal_ratio,53,0.55,0.5,1.37187,0.07861,0.70724,1.2,1.0
fixed_equal_ratio,54,0.5,0.5,1.37501,0.07491,0.731,1.2,1.0
fixed_equal_ratio,55,0.45,0.5,1.37295,0.07139,0.75567,1.2,1.0
fixed_equal_ratio,56,0.4134,0.5,1.36634,0.06806,0.78109,1.2,1.0
fixed_equal_ratio,57,0.4,0.5,1.3571,0.06492,0.80712,1.2,1.0
fixed_equal_ratio,58,0.4134,0.5,1.3478,0.06199,0.83363,1.2,1.0
fixed_equal_ratio,59,0.45,0.5,1.34098,0.05924,0.86064,1.2,1.0
fixed_equal_ratio,60,0.5,0.5,1.33847,0.05666,0.88822,1.2,1.0
fixed_equal_ratio,61,0.55,0.5,1.34096,0.0542,0.91657,1.2,1.0
fixed_equal_ratio,62,0.5866,0.5,1.34784,0.05185,0.94595,1.2,1.0
fixed_equal_ratio,63,0.6,0.5,1.35736,0.05,0.97659,1.2,1.0
fixed_equal_ratio,64,0.5866,0.5,1.36703,0.05,1.00869,1.2,1.0
fixed_equal_ratio,65,0.55,0.5,1.37427,0.05,1.04233,1.2,1.0
fixed_equal_ratio,66,0.5,0.5,1.37711,0.05,1.07747,1.2,1.0
fixed_equal_ratio,67,0.45,0.5,1.37478,0.05,1.11395,1.2,1.0
fixed_equal_ratio,68,0.4134,0.5,1.36793,0.05,1.15153,1.2,1.0
fixed_equal_ratio,69,0.4,0.5,1.35847,0.05,1.18999,1.2,1.0
fixed_equal_ratio,70,0.4134,0.5,1.34899,0.05,1.2,1.2,1.0
fixed_equal_ratio,71,0.45,0.5,1.34202,0.05,1.2,1.2,1.0
fixed_equal_ratio,72,0.5,0.5,1.33938,0.05,1.2,1.2,1.0
fixed_equal_ratio,73,0.55,0.5,1.34176,0.05,1.2,1.2,1.0
fixed_equal_ratio,74,0.5866,0.5,1.34855,0.05,1.2,1.2,1.0
fixed_equal_ratio,75,0.6,0.5,1.35798,0.05,1.2,1.2,1.0
fixed_equal_ratio,76,0.5866,0.5,1.36758,0.05,1.2,1.2,1.0
fixed_equal_ratio,77,0.55,0.5,1.37475,0.05,1.2,1.2,1.0
fixed_equal_ratio,78,0.5,0.5,1.37753,0.05,1.2,1.2,1.0
fixed_equal_ratio,79,0.45,0.5,1.37514,0.05,1.2,1.2,1.0
fixed_equal_ratio,80,0.4134,0.5,1.36825,0.05,1.2,1.2,1.0
fixed_equal_ratio,81,0.4,0.5,1.35875,0.05,1.2,1.2,1.0
fixed_equal_ratio,82,0.4134,0.5,1.34923,0.05,1.2,1.2,1.0
fixed_equal_ratio,83,0.45,0.5,1.34223,0.05,1.2,1.2,1.0
fixed_equal_ratio,84,0.5,0.5,1.33957,0.05,1.2,1.2,1.0
fixed_equal_ratio,85,0.55,0.5,1.34192,0.05,1.2,1.2,1.0
fixed_equal_ratio,86,0.5866,0.5,1.34869,0.05,1.2,1.2,1.0
fixed_equal_ratio,87,0.6,0.5,1.35811,0.05,1.2,1.2,1.0
fixed_equal_ratio,88,0.5866,0.5,1.36769,0.05,1.2,1.2,1.0
fixed_equal_ratio,89,0.55,0.5,1.37485,0.05,1.2,1.2,1.0
fixed_equal_ratio,90,0.5,0.5,1.37762,0.05,1.2,1.2,1.0
fixed_equal_ratio,91,0.45,0.5,1.37522,0.05,1.2,1.2,1.0
fixed_equal_ratio,92,0.4134,0.5,1.36831,0.05,1.2,1.2,1.0
fixed_equal_ratio,93,0.4,0.5,1.35881,0.05,1.2,1.2,1.0
fixed_equal_ratio,94,0.4134,0.5,1.34928,0.05,1.2,1.2,1.0
fixed_equal_ratio,95,0.45,0.5,1.34227,0.05,1.2,1.2,1.0
fixed_equal_ratio,96,0.5,0.5,1.3396,0.05,1.2,1.2,1.0
fixed_equal_ratio,97,0.55,0.5,1.34196,0.05,1.2,1.2,1.0
fixed_equal_ratio,98,0.5866,0.5,1.34872,0.05,1.2,1.2,1.0
fixed_equal_ratio,99,0.6,0.5,1.35813,0.05,1.2,1.2,1.0
fixed_equal_ratio,100,0.5866,0.5,1.36771,0.05,1.2,1.2,1.0
fixed_equal_ratio,101,0.55,0.5,1.37487,0.05,1.2,1.2,1.0
fixed_equal_ratio,102,0.5,0.5,1.37763,0.05,1.2,1.2,1.0
fixed_equal_ratio,103,0.45,0.5,1.37523,0.05,1.2,1.2,1.0
fixed_equal_ratio,104,0.4134,0.5,1.36833,0.05,1.2,1.2,1.0
fixed_equal_ratio,105,0.4,0.5,1.35882,0.05,1.2,1.2,1.0
fixed_equal_ratio,106,0.4134,0.5,1.34929,0.05,1.2,1.2,1.0
fixed_equal_ratio,107,0.45,0.5,1.34228,0.05,1.2,1.2,1.0
fixed_equal_ratio,108,0.5,0.5,1.33961,0.05,1.2,1.2,1.0
fixed_equal_ratio,109,0.55,0.5,1.34196,0.05,1.2,1.2,1.0
fixed_equal_ratio,110,0.5866,0.5,1.34872,0.05,1.2,1.2,1.0
fixed_equal_ratio,111,0.6,0.5,1.35814,0.05,1.2,1.2,1.0
fixed_equal_ratio,112,0.5866,0.5,1.36771,0.05,1.2,1.2,1.0
fixed_equal_ratio,113,0.55,0.5,1.37487,0.05,1.2,1.2,1.0
fixed_equal_ratio,114,0.5,0.5,1.37764,0.05,1.2,1.2,1.0
fixed_equal_ratio,115,0.45,0.5,1.37524,0.05,1.2,1.2,1.0
fixed_equal_ratio,116,0.4134,0.5,1.36833,0.05,1.2,1.2,1.0
fixed_equal_ratio,117,0.4,0.5,1.35882,0.05,1.2,1.2,1.0
fixed_equal_ratio,118,0.4134,0.5,1.34929,0.05,1.2,1.2,1.0
fixed_equal_ratio,119,0.45,0.5,1.34228,0.05,1.2,1.2,1.0
fixed_equal_ratio,120,0.5,0.5,1.33961,0.05,1.2,1.2,1.0
fixed_equal_ratio,121,0.55,0.5,1.34196,0.05,1.2,1.2,1.0
fixed_equal_ratio,122,0.5866,0.5,1.34873,0.05,1.2,1.2,1.0
fixed_equal_ratio,123,0.6,0.5,1.35814,0.05,1.2,1.2,1.0
fixed_equal_ratio,124,0.5866,0.5,1.36772,0.05,1.2,1.2,1.0
fixed_equal_ratio,125,0.55,0.5,1.37487,0.05,1.2,1.2,1.0
fixed_equal_ratio,126,0.5,0.5,1.37764,0.05,1.2,1.2,1.0
fixed_equal_ratio,127,0.45,0.5,1.37524,0.05,1.2,1.2,1.0
fixed_equal_ratio,128,0.4134,0.5,1.36833,0.05,1.2,1.2,1.0
fixed_equal_ratio,129,0.4,0.5,1.35882,0.05,1.2,1.2,1.0
fixed_equal_ratio,130,0.4134,0.5,1.3493,0.05,1.2,1.2,1.0
fixed_equal_ratio,131,0.45,0.5,1.34228,0.05,1.2,1.2,1.0
fixed_equal_ratio,132,0.5,0.5,1.33961,0.05,1.2,1.2,1.0
fixed_equal_ratio,133,0.55,0.5,1.34196,0.05,1.2,1.2,1.0
fixed_equal_ratio,134,0.5866,0.5,1.34873,0.05,1.2,1.2,1.0
fixed_equal_ratio,135,0.6,0.5,1.35814,0.05,1.2,1.2,1.0
fixed_equal_ratio,136,0.5866,0.5,1.36772,0.05,1.2,1.2,1.0
fixed_equal_ratio,137,0.55,0.5,1.37487,0.05,1.2,1.2,1.0
fixed_equal_ratio,138,0.5,0.5,1.37764,0.05,1.2,1.2,1.0
fixed_equal_ratio,139,0.45,0.5,1.37524,0.05,1.2,1.2,1.0
fixed_equal_ratio,140,0.4134,0.5,1.36833,0.05,1.2,1.2,1.0
fixed_equal_ratio,141,0.4,0.5,1.35882,0.05,1.2,1.2,1.0
fixed_equal_ratio,142,0.4134,0.5,1.3493,0.05,1.2,1.2,1.0
fixed_equal_ratio,143,0.45,0.5,1.34228,0.05,1.2,1.2,1.0
fixed_equal_ratio,144,0.5,0.5,1.33961,0.05,1.2,1.2,1.0
fixed_equal_ratio,145,0.55,0.5,1.34196,0.05,1.2,1.2,1.0
fixed_equal_ratio,146,0.5866,0.5,1.34873,0.05,1.2,1.2,1.0
fixed_equal_ratio,147,0.6,0.5,1.35814,0.05,1.2,1.2,1.0
fixed_equal_ratio,148,0.5866,0.5,1.36772,0.05,1.2,1.2,1.0
fixed_equal_ratio,149,0.55,0.5,1.37487,0.05,1.2,1.2,1.0
fixed_equal_ratio,150,0.5,0.5,1.37764,0.05,1.2,1.2,1.0
fixed_equal_ratio,151,0.45,0.5,1.37524,0.05,1.2,1.2,1.0
fixed_equal_ratio,152,0.4134,0.5,1.36833,0.05,1.2,1.2,1.0
fixed_equal_ratio,153,0.4,0.5,1.35882,0.05,1.2,1.2,1.0
fixed_equal_ratio,154,0.4134,0.5,1.3493,0.05,1.2,1.2,1.0
fixed_equal_ratio,155,0.45,0.5,1.34228,0.05,1.2,1.2,1.0
fixed_equal_ratio,156,0.5,0.5,1.33961,0.05,1.2,1.2,1.0
fixed_equal_ratio,157,0.55,0.5,1.34196,0.05,1.2,1.2,1.0
fixed_equal_ratio,158,0.5866,0.5,1.34873,0.05,1.2,1.2,1.0
fixed_equal_ratio,159,0.6,0.5,1.35814,0.05,1.2,1.2,1.0
fixed_equal_ratio,160,0.5866,0.5,1.36772,0.05,1.2,1.2,1.0
fixed_equal_ratio,161,0.55,0.5,1.37487,0.05,1.2,1.2,1.0
fixed_equal_ratio,162,0.5,0.5,1.37764,0.05,1.2,1.2,1.0
fixed_equal_ratio,163,0.45,0.5,1.37524,0.05,1.2,1.2,1.0
fixed_equal_ratio,164,0.4134,0.5,1.36833,0.05,1.2,1.2,1.0
fixed_equal_ratio,165,0.4,0.5,1.35882,0.05,1.2,1.2,1.0
fixed_equal_ratio,166,0.4134,0.5,1.3493,0.05,1.2,1.2,1.0
fixed_equal_ratio,167,0.45,0.5,1.34228,0.05,1.2,1.2,1.0
fixed_equal_ratio,168,0.5,0.5,1.33961,0.05,1.2,1.2,1.0
fixed_equal_ratio,169,0.55,0.5,1.34196,0.05,1.2,1.2,1.0
fixed_equal_ratio,170,0.5866,0.5,1.34873,0.05,1.2,1.2,1.0
fixed_equal_ratio,171,0.6,0.5,1.35814,0.05,1.2,1.2,1.0
fixed_equal_ratio,172,0.5866,0.5,1.36772,0.05,1.2,1.2,1.0
fixed_equal_ratio,173,0.55,0.5,1.37487,0.05,1.2,1.2,1.0
fixed_equal_ratio,174,0.5,0.5,1.37764,0.05,1.2,1.2,1.0
fixed_equal_ratio,175,0.45,0.5,1.37524,0.05,1.2,1.2,1.0
fixed_equal_ratio,176,0.4134,0.5,1.36833,0.05,1.2,1.2,1.0
fixed_equal_ratio,177,0.4,0.5,1.35882,0.05,1.2,1.2,1.0
fixed_equal_ratio,178,0.4134,0.5,1.3493,0.05,1.2,1.2,1.0
fixed_equal_ratio,179,0.45,0.5,1.34228,0.05,1.2,1.2,1.0
fixed_equal_ratio,180,0.5,0.5,1.33961,0.05,1.2,1.2,1.0
fixed_equal_ratio,181,0.55,0.5,1.34196,0.05,1.2,1.2,1.0
fixed_equal_ratio,182,0.5866,0.5,1.34873,0.05,1.2,1.2,1.0
fixed_equal_ratio,183,0.6,0.5,1.35814,0.05,1.2,1.2,1.0
fixed_equal_ratio,184,0.5866,0.5,1.36772,0.05,1.2,1.2,1.0
fixed_equal_ratio,185,0.55,0.5,1.37487,0.05,1.2,1.2,1.0
fixed_equal_ratio,186,0.5,0.5,1.37764,0.05,1.2,1.2,1.0
fixed_equal_ratio,187,0.45,0.5,1.37524,0.05,1.2,1.2,1.0
fixed_equal_ratio,188,0.4134,0.5,1.36833,0.05,1.2,1.2,1.0
fixed_equal_ratio,189,0.4,0.5,1.35882,0.05,1.2,1.2,1.0
fixed_equal_ratio,190,0.4134,0.5,1.3493,0.05,1.2,1.2,1.0
fixed_equal_ratio,191,0.45,0.5,1.34228,0.05,1.2,1.2,1.0
fixed_equal_ratio,192,0.5,0.5,1.33961,0.05,1.2,1.2,1.0
fixed_equal_ratio,193,0.55,0.5,1.34196,0.05,1.2,1.2,1.0
fixed_equal_ratio,194,0.5866,0.5,1.34873,0.05,1.2,1.2,1.0
fixed_equal_ratio,195,0.6,0.5,1.35814,0.05,1.2,1.2,1.0
fixed_equal_ratio,196,0.5866,0.5,1.36772,0.05,1.2,1.2,1.0
fixed_equal_ratio,197,0.55,0.5,1.37487,0.05,1.2,1.2,1.0
fixed_equal_ratio,198,0.5,0.5,1.37764,0.05,1.2,1.2,1.0
fixed_equal_ratio,199,0.45,0.5,1.37524,0.05,1.2,1.2,1.0
fixed_equal_ratio,200,0.4134,0.5,1.36833,0.05,1.2,1.2,1.0
fixed_equal_ratio,201,0.4,0.5,1.35882,0.05,1.2,1.2,1.0
fixed_equal_ratio,202,0.4134,0.5,1.3493,0.05,1.2,1.2,1.0
fixed_equal_ratio,203,0.45,0.5,1.34228,0.05,1.2,1.2,1.0
fixed_equal_ratio,204,0.5,0.5,1.33961,0.05,1.2,1.2,1.0
fixed_equal_ratio,205,0.55,0.5,1.34196,0.05,1.2,1.2,1.0
fixed_equal_ratio,206,0.5866,0.5,1.34873,0.05,1.2,1.2,1.0
fixed_equal_ratio,207,0.6,0.5,1.35814,0.05,1.2,1.2,1.0
fixed_equal_ratio,208,0.5866,0.5,1.36772,0.05,1.2,1.2,1.0
fixed_equal_ratio,209,0.55,0.5,1.37487,0.05,1.2,1.2,1.0
fixed_equal_ratio,210,0.5,0.5,1.37764,0.05,1.2,1.2,1.0
fixed_equal_ratio,211,0.45,0.5,1.37524,0.05,1.2,1.2,1.0
fixed_equal_ratio,212,0.4134,0.5,1.36833,0.05,1.2,1.2,1.0
fixed_equal_ratio,213,0.4,0.5,1.35882,0.05,1.2,1.2,1.0
fixed_equal_ratio,214,0.4134,0.5,1.3493,0.05,1.2,1.2,1.0
fixed_equal_ratio,215,0.45,0.5,1.34228,0.05,1.2,1.2,1.0
fixed_equal_ratio,216,0.5,0.5,1.33961,0.05,1.2,1.2,1.0
fixed_equal_ratio,217,0.55,0.5,1.34196,0.05,1.2,1.2,1.0
fixed_equal_ratio,218,0.5866,0.5,1.34873,0.05,1.2,1.2,1.0
fixed_equal_ratio,219,0.6,0.5,1.35814,0.05,1.2,1.2,1.0
fixed_equal_ratio,220,0.5866,0.5,1.36772,0.05,1.2,1.2,1.0
fixed_equal_ratio,221,0.55,0.5,1.37487,0.05,1.2,1.2,1.0
fixed_equal_ratio,222,0.5,0.5,1.37764,0.05,1.2,1.2,1.0
fixed_equal_ratio,223,0.45,0.5,1.37524,0.05,1.2,1.2,1.0
fixed_equal_ratio,224,0.4134,0.5,1.36833,0.05,1.2,1.2,1.0
fixed_equal_ratio,225,0.4,0.5,1.35882,0.05,1.2,1.2,1.0
fixed_equal_ratio,226,0.4134,0.5,1.3493,0.05,1.2,1.2,1.0
fixed_equal_ratio,227,0.45,0.5,1.34228,0.05,1.2,1.2,1.0
fixed_equal_ratio,228,0.5,0.5,1.33961,0.05,1.2,1.2,1.0
fixed_equal_ratio,229,0.55,0.5,1.34196,0.05,1.2,1.2,1.0
fixed_equal_ratio,230,0.5866,0.5,1.34873,0.05,1.2,1.2,1.0
fixed_equal_ratio,231,0.6,0.5,1.35814,0.05,1.2,1.2,1.0
fixed_equal_ratio,232,0.5866,0.5,1.36772,0.05,1.2,1.2,1.0
fixed_equal_ratio,233,0.55,0.5,1.37487,0.05,1.2,1.2,1.0
fixed_equal_ratio,234,0.5,0.5,1.37764,0.05,1.2,1.2,1.0
fixed_equal_ratio,235,0.45,0.5,1.37524,0.05,1.2,1.2,1.0
fixed_equal_ratio,236,0.4134,0.5,1.36833,0.05,1.2,1.2,1.0
fixed_equal_ratio,237,0.4,0.5,1.35882,0.05,1.2,1.2,1.0
fixed_equal_ratio,238,0.4134,0.5,1.3493,0.05,1.2,1.2,1.0
fixed_equal_ratio,239,0.45,0.5,1.34228,0.05,1.2,1.2,1.0
fixed_equal_ratio,240,0.5,0.5,1.33961,0.05,1.2,1.2,1.0
lamprey_reduced_control,0,0.5,0.67,0.42,0.78,0.24,0.3,0.8844
lamprey_reduced_control,1,0.55,0.659,0.44379,0.77049,0.23664,0.3072,0.89888
lamprey_reduced_control,2,0.5866,0.65095,0.47009,0.7601,0.23361,0.31505,0.90886
lamprey_reduced_control,3,0.6,0.648,0.49847,0.74876,0.23092,0.32363,0.91238
lamprey_reduced_control,4,0.5866,0.65095,0.52797,0.73644,0.2286,0.33299,0.90886
lamprey_reduced_control,5,0.55,0.659,0.55729,0.72317,0.22663,0.34314,0.89888
lamprey_reduced_control,6,0.5,0.67,0.58509,0.70905,0.22501,0.35407,0.8844
lamprey_reduced_control,7,0.45,0.681,0.61037,0.69425,0.22372,0.36569,0.86896
lamprey_reduced_control,8,0.4134,0.68905,0.63279,0.67898,0.22272,0.37791,0.85704
lamprey_reduced_control,9,0.4,0.692,0.65285,0.66344,0.22197,0.39061,0.85254
lamprey_reduced_control,10,0.4134,0.68905,0.67174,0.6478,0.22145,0.4037,0.85704
lamprey_reduced_control,11,0.45,0.681,0.69098,0.63213,0.22113,0.41712,0.86896
lamprey_reduced_control,12,0.5,0.67,0.71191,0.61645,0.22103,0.43087,0.8844
lamprey_reduced_control,13,0.55,0.659,0.73532,0.6007,0.22116,0.44502,0.89888
lamprey_reduced_control,14,0.5866,0.65095,0.76117,0.58479,0.22156,0.45963,0.90886
lamprey_reduced_control,15,0.6,0.648,0.7886,0.56865,0.22223,0.47478,0.91238
lamprey_reduced_control,16,0.5866,0.65095,0.81607,0.55226,0.22322,0.49051,0.90886
lamprey_reduced_control,17,0.55,0.659,0.84173,0.53568,0.22451,0.50681,0.89888
lamprey_reduced_control,18,0.5,0.67,0.86392,0.51904,0.2261,0.5236,0.8844
lamprey_reduced_control,19,0.45,0.681,0.88164,0.50249,0.22796,0.54075,0.86896
lamprey_reduced_control,20,0.4134,0.68905,0.89491,0.48624,0.23003,0.55809,0.85704
lamprey_reduced_control,21,0.4,0.692,0.90478,0.47045,0.23227,0.57546,0.85254
lamprey_reduced_control,22,0.4134,0.68905,0.91309,0.4552,0.23465,0.59274,0.85704
lamprey_reduced_control,23,0.45,0.681,0.92185,0.44053,0.23715,0.60988,0.86896
lamprey_reduced_control,24,0.5,0.67,0.93276,0.42638,0.23978,0.62689,0.8844
lamprey_reduced_control,25,0.55,0.659,0.94667,0.41265,0.24257,0.64387,0.89888
lamprey_reduced_control,26,0.5866,0.65095,0.96341,0.39922,0.24556,0.66091,0.90886
lamprey_reduced_control,27,0.6,0.648,0.98184,0.38602,0.24879,0.6781,0.91238
lamprey_reduced_control,28,0.5866,0.65095,1.00011,0.37298,0.2523,0.69551,0.90886
lamprey_reduced_control,29,0.55,0.659,1.01617,0.36012,0.25609,0.71313,0.89888
lamprey_reduced_control,30,0.5,0.67,1.0283,0.34752,0.26013,0.73087,0.8844
lamprey_reduced_control,31,0.45,0.681,1.03564,0.33527,0.2644,0.74859,0.86896
lamprey_reduced_control,32,0.4134,0.68905,1.03847,0.32348,0.26884,0.76612,0.85704
lamprey_reduced_control,33,0.4,0.692,1.03818,0.31223,0.27339,0.78331,0.85254
lamprey_reduced_control,34,0.4134,0.68905,1.03684,0.30157,0.27801,0.80007,0.85704
lamprey_reduced_control,35,0.45,0.681,1.03668,0.29147,0.2827,0.81635,0.86896
lamprey_reduced_control,36,0.5,0.67,1.03943,0.28186,0.28746,0.83223,0.8844
lamprey_reduced_control,37,0.55,0.659,1.04591,0.27265,0.29233,0.8478,0.89888
lamprey_reduced_control,38,0.5866,0.65095,1.05582,0.26375,0.29739,0.86322,0.90886
lamprey_reduced_control,39,0.6,0.648,1.06786,0.25506,0.30268,0.87859,0.91238
lamprey_reduced_control,40,0.5866,0.65095,1.08002,0.24654,0.30825,0.894,0.90886
lamprey_reduced_control,41,0.55,0.659,1.09015,0.23819,0.31411,0.90945,0.89888
lamprey_reduced_control,42,0.5,0.67,1.09649,0.23005,0.32023,0.92487,0.8844
lamprey_reduced_control,43,0.45,0.681,1.09823,0.22217,0.32658,0.94012,0.86896
lamprey_reduced_control,44,0.4134,0.68905,1.09574,0.21462,0.33308,0.95506,0.85704
lamprey_reduced_control,45,0.4,0.692,1.09048,0.20746,0.33967,0.96953,0.85254
lamprey_reduced_control,46,0.4134,0.68905,1.08461,0.2007,0.34631,0.98346,0.85704
lamprey_reduced_control,47,0.45,0.681,1.08036,0.19431,0.35297,0.99684,0.86896
lamprey_reduced_control,48,0.5,0.67,1.07945,0.18825,0.35968,1.00973,0.8844
lamprey_reduced_control,49,0.55,0.659,1.08266,0.18246,0.3665,1.02227,0.89888
lamprey_reduced_control,50,0.5866,0.65095,1.08963,0.17685,0.37352,1.0346,0.90886
lamprey_reduced_control,51,0.6,0.648,1.09897,0.17138,0.38079,1.04687,0.91238
lamprey_reduced_control,52,0.5866,0.65095,1.10862,0.16601,0.38839,1.05917,0.90886
lamprey_reduced_control,53,0.55,0.659,1.11636,0.16073,0.39632,1.07149,0.89888
lamprey_reduced_control,54,0.5,0.67,1.12044,0.15556,0.40457,1.08377,0.8844
lamprey_reduced_control,55,0.45,0.681,1.12004,0.15056,0.41308,1.0959,0.86896
lamprey_reduced_control,56,0.4134,0.68905,1.11554,0.14577,0.42175,1.1077,0.85704
lamprey_reduced_control,57,0.4,0.692,1.10845,0.14121,0.43052,1.11905,0.85254
lamprey_reduced_control,58,0.4134,0.68905,1.10091,0.1369,0.43931,1.12987,0.85704
lamprey_reduced_control,59,0.45,0.681,1.09518,0.13283,0.44812,1.14016,0.86896
lamprey_reduced_control,60,0.5,0.67,1.09297,0.12897,0.45697,1.14998,0.8844
lamprey_reduced_control,61,0.55,0.659,1.09502,0.12527,0.46595,1.15949,0.89888
lamprey_reduced_control,62,0.5866,0.65095,1.10095,0.12168,0.47515,1.16883,0.90886
lamprey_reduced_control,63,0.6,0.648,1.10934,0.11816,0.48468,1.17814,0.91238
lamprey_reduced_control,64,0.5866,0.65095,1.11811,0.11469,0.4946,1.18751,0.90886
lamprey_reduced_control,65,0.55,0.659,1.12504,0.11127,0.50494,1.19696,0.89888
lamprey_reduced_control,66,0.5,0.67,1.12834,0.10791,0.51567,1.2,0.8844
lamprey_reduced_control,67,0.45,0.681,1.12721,0.10465,0.52671,1.2,0.86896
lamprey_reduced_control,68,0.4134,0.68905,1.12204,0.10151,0.53796,1.2,0.85704
lamprey_reduced_control,69,0.4,0.692,1.11433,0.09852,0.54932,1.2,0.85254
lamprey_reduced_control,70,0.4134,0.68905,1.10624,0.09569,0.5607,1.2,0.85704
lamprey_reduced_control,71,0.45,0.681,1.10002,0.09301,0.57208,1.2,0.86896
lamprey_reduced_control,72,0.5,0.67,1.09736,0.09047,0.58353,1.2,0.8844
lamprey_reduced_control,73,0.55,0.659,1.09903,0.08802,0.59512,1.2,0.89888
lamprey_reduced_control,74,0.5866,0.65095,1.10462,0.08564,0.60699,1.2,0.90886
lamprey_reduced_control,75,0.6,0.648,1.1127,0.08331,0.61927,1.2,0.91238
lamprey_reduced_control,76,0.5866,0.65095,1.12119,0.08099,0.63205,1.2,0.90886
lamprey_reduced_control,77,0.55,0.659,1.12784,0.0787,0.64536,1.2,0.89888
lamprey_reduced_control,78,0.5,0.67,1.13089,0.07644,0.65917,1.2,0.8844
lamprey_reduced_control,79,0.45,0.681,1.12952,0.07424,0.67337,1.2,0.86896
lamprey_reduced_control,80,0.4134,0.68905,1.12413,0.07211,0.68783,1.2,0.85704
lamprey_reduced_control,81,0.4,0.692,1.11622,0.07009,0.70242,1.2,0.85254
lamprey_reduced_control,82,0.4134,0.68905,1.10795,0.06817,0.71704,1.2,0.85704
lamprey_reduced_control,83,0.45,0.681,1.10157,0.06635,0.73166,1.2,0.86896
lamprey_reduced_control,84,0.5,0.67,1.09878,0.06462,0.74635,1.2,0.8844
lamprey_reduced_control,85,0.55,0.659,1.10032,0.06296,0.76123,1.2,0.89888
lamprey_reduced_control,86,0.5866,0.65095,1.1058,0.06133,0.77647,1.2,0.90886
lamprey_reduced_control,87,0.6,0.648,1.11378,0.05973,0.79223,1.2,0.91238
lamprey_reduced_control,88,0.5866,0.65095,1.12217,0.05814,0.80862,1.2,0.90886
lamprey_reduced_control,89,0.55,0.659,1.12874,0.05656,0.82568,1.2,0.89888
lamprey_reduced_control,90,0.5,0.67,1.1317,0.055,0.84338,1.2,0.8844
lamprey_reduced_control,91,0.45,0.681,1.13026,0.05347,0.86159,1.2,0.86896
lamprey_reduced_control,92,0.4134,0.68905,1.12481,0.052,0.88012,1.2,0.85704
lamprey_reduced_control,93,0.4,0.692,1.11683,0.05059,0.89882,1.2,0.85254
lamprey_reduced_control,94,0.4134,0.68905,1.1085,0.05,0.91755,1.2,0.85704
lamprey_reduced_control,95,0.45,0.681,1.10207,0.05,0.93629,1.2,0.86896
lamprey_reduced_control,96,0.5,0.67,1.09923,0.05,0.95512,1.2,0.8844
lamprey_reduced_control,97,0.55,0.659,1.10073,0.05,0.97418,1.2,0.89888
lamprey_reduced_control,98,0.5866,0.65095,1.10618,0.05,0.9937,1.2,0.90886
lamprey_reduced_control,99,0.6,0.648,1.11413,0.05,1.01388,1.2,0.91238
lamprey_reduced_control,100,0.5866,0.65095,1.12249,0.05,1.03488,1.2,0.90886
lamprey_reduced_control,101,0.55,0.659,1.12903,0.05,1.05674,1.2,0.89888
lamprey_reduced_control,102,0.5,0.67,1.13197,0.05,1.0794,1.2,0.8844
lamprey_reduced_control,103,0.45,0.681,1.1305,0.05,1.10272,1.2,0.86896
lamprey_reduced_control,104,0.4134,0.68905,1.12502,0.05,1.12645,1.2,0.85704
lamprey_reduced_control,105,0.4,0.692,1.11702,0.05,1.15039,1.2,0.85254
lamprey_reduced_control,106,0.4134,0.68905,1.10868,0.05,1.17438,1.2,0.85704
lamprey_reduced_control,107,0.45,0.681,1.10223,0.05,1.19838,1.2,0.86896
lamprey_reduced_control,108,0.5,0.67,1.09938,0.05,1.2,1.2,0.8844
lamprey_reduced_control,109,0.55,0.659,1.10087,0.05,1.2,1.2,0.89888
lamprey_reduced_control,110,0.5866,0.65095,1.1063,0.05,1.2,1.2,0.90886
lamprey_reduced_control,111,0.6,0.648,1.11424,0.05,1.2,1.2,0.91238
lamprey_reduced_control,112,0.5866,0.65095,1.12259,0.05,1.2,1.2,0.90886
lamprey_reduced_control,113,0.55,0.659,1.12912,0.05,1.2,1.2,0.89888
lamprey_reduced_control,114,0.5,0.67,1.13205,0.05,1.2,1.2,0.8844
lamprey_reduced_control,115,0.45,0.681,1.13058,0.05,1.2,1.2,0.86896
lamprey_reduced_control,116,0.4134,0.68905,1.12509,0.05,1.2,1.2,0.85704
lamprey_reduced_control,117,0.4,0.692,1.11709,0.05,1.2,1.2,0.85254
lamprey_reduced_control,118,0.4134,0.68905,1.10874,0.05,1.2,1.2,0.85704
lamprey_reduced_control,119,0.45,0.681,1.10228,0.05,1.2,1.2,0.86896
lamprey_reduced_control,120,0.5,0.67,1.09942,0.05,1.2,1.2,0.8844
lamprey_reduced_control,121,0.55,0.659,1.10091,0.05,1.2,1.2,0.89888
lamprey_reduced_control,122,0.5866,0.65095,1.10634,0.05,1.2,1.2,0.90886
lamprey_reduced_control,123,0.6,0.648,1.11427,0.05,1.2,1.2,0.91238
lamprey_reduced_control,124,0.5866,0.65095,1.12262,0.05,1.2,1.2,0.90886
lamprey_reduced_control,125,0.55,0.659,1.12915,0.05,1.2,1.2,0.89888
lamprey_reduced_control,126,0.5,0.67,1.13208,0.05,1.2,1.2,0.8844
lamprey_reduced_control,127,0.45,0.681,1.1306,0.05,1.2,1.2,0.86896
lamprey_reduced_control,128,0.4134,0.68905,1.12511,0.05,1.2,1.2,0.85704
lamprey_reduced_control,129,0.4,0.692,1.11711,0.05,1.2,1.2,0.85254
lamprey_reduced_control,130,0.4134,0.68905,1.10875,0.05,1.2,1.2,0.85704
lamprey_reduced_control,131,0.45,0.681,1.10229,0.05,1.2,1.2,0.86896
lamprey_reduced_control,132,0.5,0.67,1.09944,0.05,1.2,1.2,0.8844
lamprey_reduced_control,133,0.55,0.659,1.10092,0.05,1.2,1.2,0.89888
lamprey_reduced_control,134,0.5866,0.65095,1.10635,0.05,1.2,1.2,0.90886
lamprey_reduced_control,135,0.6,0.648,1.11428,0.05,1.2,1.2,0.91238
lamprey_reduced_control,136,0.5866,0.65095,1.12263,0.05,1.2,1.2,0.90886
lamprey_reduced_control,137,0.55,0.659,1.12916,0.05,1.2,1.2,0.89888
lamprey_reduced_control,138,0.5,0.67,1.13209,0.05,1.2,1.2,0.8844
lamprey_reduced_control,139,0.45,0.681,1.13061,0.05,1.2,1.2,0.86896
lamprey_reduced_control,140,0.4134,0.68905,1.12512,0.05,1.2,1.2,0.85704
lamprey_reduced_control,141,0.4,0.692,1.11711,0.05,1.2,1.2,0.85254
lamprey_reduced_control,142,0.4134,0.68905,1.10876,0.05,1.2,1.2,0.85704
lamprey_reduced_control,143,0.45,0.681,1.1023,0.05,1.2,1.2,0.86896
lamprey_reduced_control,144,0.5,0.67,1.09944,0.05,1.2,1.2,0.8844
lamprey_reduced_control,145,0.55,0.659,1.10093,0.05,1.2,1.2,0.89888
lamprey_reduced_control,146,0.5866,0.65095,1.10635,0.05,1.2,1.2,0.90886
lamprey_reduced_control,147,0.6,0.648,1.11429,0.05,1.2,1.2,0.91238
lamprey_reduced_control,148,0.5866,0.65095,1.12264,0.05,1.2,1.2,0.90886
lamprey_reduced_control,149,0.55,0.659,1.12916,0.05,1.2,1.2,0.89888
lamprey_reduced_control,150,0.5,0.67,1.13209,0.05,1.2,1.2,0.8844
lamprey_reduced_control,151,0.45,0.681,1.13061,0.05,1.2,1.2,0.86896
lamprey_reduced_control,152,0.4134,0.68905,1.12512,0.05,1.2,1.2,0.85704
lamprey_reduced_control,153,0.4,0.692,1.11711,0.05,1.2,1.2,0.85254
lamprey_reduced_control,154,0.4134,0.68905,1.10876,0.05,1.2,1.2,0.85704
lamprey_reduced_control,155,0.45,0.681,1.1023,0.05,1.2,1.2,0.86896
lamprey_reduced_control,156,0.5,0.67,1.09944,0.05,1.2,1.2,0.8844
lamprey_reduced_control,157,0.55,0.659,1.10093,0.05,1.2,1.2,0.89888
lamprey_reduced_control,158,0.5866,0.65095,1.10635,0.05,1.2,1.2,0.90886
lamprey_reduced_control,159,0.6,0.648,1.11429,0.05,1.2,1.2,0.91238
lamprey_reduced_control,160,0.5866,0.65095,1.12264,0.05,1.2,1.2,0.90886
lamprey_reduced_control,161,0.55,0.659,1.12916,0.05,1.2,1.2,0.89888
lamprey_reduced_control,162,0.5,0.67,1.13209,0.05,1.2,1.2,0.8844
lamprey_reduced_control,163,0.45,0.681,1.13061,0.05,1.2,1.2,0.86896
lamprey_reduced_control,164,0.4134,0.68905,1.12512,0.05,1.2,1.2,0.85704
lamprey_reduced_control,165,0.4,0.692,1.11711,0.05,1.2,1.2,0.85254
lamprey_reduced_control,166,0.4134,0.68905,1.10876,0.05,1.2,1.2,0.85704
lamprey_reduced_control,167,0.45,0.681,1.1023,0.05,1.2,1.2,0.86896
lamprey_reduced_control,168,0.5,0.67,1.09944,0.05,1.2,1.2,0.8844
lamprey_reduced_control,169,0.55,0.659,1.10093,0.05,1.2,1.2,0.89888
lamprey_reduced_control,170,0.5866,0.65095,1.10635,0.05,1.2,1.2,0.90886
lamprey_reduced_control,171,0.6,0.648,1.11429,0.05,1.2,1.2,0.91238
lamprey_reduced_control,172,0.5866,0.65095,1.12264,0.05,1.2,1.2,0.90886
lamprey_reduced_control,173,0.55,0.659,1.12916,0.05,1.2,1.2,0.89888
lamprey_reduced_control,174,0.5,0.67,1.13209,0.05,1.2,1.2,0.8844
lamprey_reduced_control,175,0.45,0.681,1.13061,0.05,1.2,1.2,0.86896
lamprey_reduced_control,176,0.4134,0.68905,1.12512,0.05,1.2,1.2,0.85704
lamprey_reduced_control,177,0.4,0.692,1.11711,0.05,1.2,1.2,0.85254
lamprey_reduced_control,178,0.4134,0.68905,1.10876,0.05,1.2,1.2,0.85704
lamprey_reduced_control,179,0.45,0.681,1.1023,0.05,1.2,1.2,0.86896
lamprey_reduced_control,180,0.5,0.67,1.09944,0.05,1.2,1.2,0.8844
lamprey_reduced_control,181,0.55,0.659,1.10093,0.05,1.2,1.2,0.89888
lamprey_reduced_control,182,0.5866,0.65095,1.10635,0.05,1.2,1.2,0.90886
lamprey_reduced_control,183,0.6,0.648,1.11429,0.05,1.2,1.2,0.91238
lamprey_reduced_control,184,0.5866,0.65095,1.12264,0.05,1.2,1.2,0.90886
lamprey_reduced_control,185,0.55,0.659,1.12916,0.05,1.2,1.2,0.89888
lamprey_reduced_control,186,0.5,0.67,1.13209,0.05,1.2,1.2,0.8844
lamprey_reduced_control,187,0.45,0.681,1.13061,0.05,1.2,1.2,0.86896
lamprey_reduced_control,188,0.4134,0.68905,1.12512,0.05,1.2,1.2,0.85704
lamprey_reduced_control,189,0.4,0.692,1.11711,0.05,1.2,1.2,0.85254
lamprey_reduced_control,190,0.4134,0.68905,1.10876,0.05,1.2,1.2,0.85704
lamprey_reduced_control,191,0.45,0.681,1.1023,0.05,1.2,1.2,0.86896
lamprey_reduced_control,192,0.5,0.67,1.09944,0.05,1.2,1.2,0.8844
lamprey_reduced_control,193,0.55,0.659,1.10093,0.05,1.2,1.2,0.89888
lamprey_reduced_control,194,0.5866,0.65095,1.10635,0.05,1.2,1.2,0.90886
lamprey_reduced_control,195,0.6,0.648,1.11429,0.05,1.2,1.2,0.91238
lamprey_reduced_control,196,0.5866,0.65095,1.12264,0.05,1.2,1.2,0.90886
lamprey_reduced_control,197,0.55,0.659,1.12916,0.05,1.2,1.2,0.89888
lamprey_reduced_control,198,0.5,0.67,1.13209,0.05,1.2,1.2,0.8844
lamprey_reduced_control,199,0.45,0.681,1.13061,0.05,1.2,1.2,0.86896
lamprey_reduced_control,200,0.4134,0.68905,1.12512,0.05,1.2,1.2,0.85704
lamprey_reduced_control,201,0.4,0.692,1.11711,0.05,1.2,1.2,0.85254
lamprey_reduced_control,202,0.4134,0.68905,1.10876,0.05,1.2,1.2,0.85704
lamprey_reduced_control,203,0.45,0.681,1.1023,0.05,1.2,1.2,0.86896
lamprey_reduced_control,204,0.5,0.67,1.09944,0.05,1.2,1.2,0.8844
lamprey_reduced_control,205,0.55,0.659,1.10093,0.05,1.2,1.2,0.89888
lamprey_reduced_control,206,0.5866,0.65095,1.10635,0.05,1.2,1.2,0.90886
lamprey_reduced_control,207,0.6,0.648,1.11429,0.05,1.2,1.2,0.91238
lamprey_reduced_control,208,0.5866,0.65095,1.12264,0.05,1.2,1.2,0.90886
lamprey_reduced_control,209,0.55,0.659,1.12916,0.05,1.2,1.2,0.89888
lamprey_reduced_control,210,0.5,0.67,1.13209,0.05,1.2,1.2,0.8844
lamprey_reduced_control,211,0.45,0.681,1.13061,0.05,1.2,1.2,0.86896
lamprey_reduced_control,212,0.4134,0.68905,1.12512,0.05,1.2,1.2,0.85704
lamprey_reduced_control,213,0.4,0.692,1.11711,0.05,1.2,1.2,0.85254
lamprey_reduced_control,214,0.4134,0.68905,1.10876,0.05,1.2,1.2,0.85704
lamprey_reduced_control,215,0.45,0.681,1.1023,0.05,1.2,1.2,0.86896
lamprey_reduced_control,216,0.5,0.67,1.09944,0.05,1.2,1.2,0.8844
lamprey_reduced_control,217,0.55,0.659,1.10093,0.05,1.2,1.2,0.89888
lamprey_reduced_control,218,0.5866,0.65095,1.10635,0.05,1.2,1.2,0.90886
lamprey_reduced_control,219,0.6,0.648,1.11429,0.05,1.2,1.2,0.91238
lamprey_reduced_control,220,0.5866,0.65095,1.12264,0.05,1.2,1.2,0.90886
lamprey_reduced_control,221,0.55,0.659,1.12916,0.05,1.2,1.2,0.89888
lamprey_reduced_control,222,0.5,0.67,1.13209,0.05,1.2,1.2,0.8844
lamprey_reduced_control,223,0.45,0.681,1.13061,0.05,1.2,1.2,0.86896
lamprey_reduced_control,224,0.4134,0.68905,1.12512,0.05,1.2,1.2,0.85704
lamprey_reduced_control,225,0.4,0.692,1.11711,0.05,1.2,1.2,0.85254
lamprey_reduced_control,226,0.4134,0.68905,1.10876,0.05,1.2,1.2,0.85704
lamprey_reduced_control,227,0.45,0.681,1.1023,0.05,1.2,1.2,0.86896
lamprey_reduced_control,228,0.5,0.67,1.09944,0.05,1.2,1.2,0.8844
lamprey_reduced_control,229,0.55,0.659,1.10093,0.05,1.2,1.2,0.89888
lamprey_reduced_control,230,0.5866,0.65095,1.10635,0.05,1.2,1.2,0.90886
lamprey_reduced_control,231,0.6,0.648,1.11429,0.05,1.2,1.2,0.91238
lamprey_reduced_control,232,0.5866,0.65095,1.12264,0.05,1.2,1.2,0.90886
lamprey_reduced_control,233,0.55,0.659,1.12916,0.05,1.2,1.2,0.89888
lamprey_reduced_control,234,0.5,0.67,1.13209,0.05,1.2,1.2,0.8844
lamprey_reduced_control,235,0.45,0.681,1.13061,0.05,1.2,1.2,0.86896
lamprey_reduced_control,236,0.4134,0.68905,1.12512,0.05,1.2,1.2,0.85704
lamprey_reduced_control,237,0.4,0.692,1.11711,0.05,1.2,1.2,0.85254
lamprey_reduced_control,238,0.4134,0.68905,1.10876,0.05,1.2,1.2,0.85704
lamprey_reduced_control,239,0.45,0.681,1.1023,0.05,1.2,1.2,0.86896
lamprey_reduced_control,240,0.5,0.67,1.09944,0.05,1.2,1.2,0.8844
