case,material_id,cnc,load_start_s,unload_start_s
1,1,1,0.0,588.0
1,2,2,28.0,619.0
1,3,3,79.0,670.0
1,4,4,107.0,698.0
1,5,5,158.0,749.0
1,6,6,186.0,777.0
1,7,7,237.0,828.0
1,8,8,265.0,856.0
1,9,1,588.0,1176.0
1,10,2,619.0,1210.0
1,11,3,670.0,1261.0
1,12,4,698.0,1289.0
1,13,5,749.0,1340.0
1,14,6,777.0,1368.0
1,15,7,828.0,1419.0
1,16,8,856.0,1447.0
1,17,1,1176.0,1764.0
1,18,2,1210.0,1801.0
1,19,3,1261.0,1852.0
1,20,4,1289.0,1880.0
1,21,5,1340.0,1931.0
1,22,6,1368.0,1959.0
1,23,7,1419.0,2010.0
1,24,8,1447.0,2038.0
1,25,1,1764.0,2352.0
1,26,2,1801.0,2392.0
1,27,3,1852.0,2443.0
1,28,4,1880.0,2471.0
1,29,5,1931.0,2522.0
1,30,6,1959.0,2550.0
1,31,7,2010.0,2601.0
1,32,8,2038.0,2629.0
1,33,1,2352.0,2940.0
1,34,2,2392.0,2983.0
1,35,3,2443.0,3034.0
1,36,4,2471.0,3062.0
1,37,5,2522.0,3113.0
1,38,6,2550.0,3141.0
1,39,7,2601.0,3192.0
1,40,8,2629.0,3220.0
1,41,1,2940.0,3528.0
1,42,2,2983.0,3574.0
1,43,3,3034.0,3625.0
1,44,4,3062.0,3653.0
1,45,5,3113.0,3704.0
1,46,6,3141.0,3732.0
1,47,7,3192.0,3783.0
1,48,8,3220.0,3811.0
1,49,1,3528.0,4116.0
1,50,2,3574.0,4165.0
1,51,3,3625.0,4216.0
1,52,4,3653.0,4244.0
1,53,5,3704.0,4295.0
1,54,6,3732.0,4323.0
1,55,7,3783.0,4374.0
1,56,8,3811.0,4402.0
1,57,1,4116.0,4704.0
1,58,2,4165.0,4756.0
1,59,3,4216.0,4807.0
1,60,4,4244.0,4835.0
1,61,5,4295.0,4886.0
1,62,6,4323.0,4914.0
1,63,7,4374.0,4965.0
1,64,8,4402.0,4993.0
1,65,1,4704.0,5292.0
1,66,2,4756.0,5347.0
1,67,3,4807.0,5398.0
1,68,4,4835.0,5426.0
1,69,5,4886.0,5477.0
1,70,6,4914.0,5505.0
1,71,7,4965.0,5556.0
1,72,8,4993.0,5584.0
1,73,1,5292.0,5880.0
1,74,2,5347.0,5938.0
1,75,3,5398.0,5989.0
1,76,4,5426.0,6017.0
1,77,5,5477.0,6068.0
1,78,6,5505.0,6096.0
1,79,7,5556.0,6147.0
1,80,8,5584.0,6175.0
1,81,1,5880.0,6468.0
1,82,2,5938.0,6529.0
1,83,3,5989.0,6580.0
1,84,4,6017.0,6608.0
1,85,5,6068.0,6659.0
1,86,6,6096.0,6687.0
1,87,7,6147.0,6738.0
1,88,8,6175.0,6766.0
1,89,1,6468.0,7056.0
1,90,2,6529.0,7120.0
1,91,3,6580.0,7171.0
1,92,4,6608.0,7199.0
1,93,5,6659.0,7250.0
1,94,6,6687.0,7278.0
1,95,7,6738.0,7329.0
1,96,8,6766.0,7357.0
1,97,1,7056.0,7644.0
1,98,2,7120.0,7711.0
1,99,3,7171.0,7762.0
1,100,4,7199.0,7790.0
1,101,5,7250.0,7841.0
1,102,6,7278.0,7869.0
1,103,7,7329.0,7920.0
1,104,8,7357.0,7948.0
1,105,1,7644.0,8232.0
1,106,2,7711.0,8302.0
1,107,3,7762.0,8353.0
1,108,4,7790.0,8381.0
1,109,5,7841.0,8432.0
1,110,6,7869.0,8460.0
1,111,7,7920.0,8511.0
1,112,8,7948.0,8539.0
1,113,1,8232.0,8820.0
1,114,2,8302.0,8893.0
1,115,3,8353.0,8944.0
1,116,4,8381.0,8972.0
1,117,5,8432.0,9023.0
1,118,6,8460.0,9051.0
1,119,7,8511.0,9102.0
1,120,8,8539.0,9130.0
1,121,1,8820.0,9408.0
1,122,2,8893.0,9484.0
1,123,3,8944.0,9535.0
1,124,4,8972.0,9563.0
1,125,5,9023.0,9614.0
1,126,6,9051.0,9642.0
1,127,7,9102.0,9693.0
1,128,8,9130.0,9721.0
1,129,1,9408.0,9996.0
1,130,2,9484.0,10075.0
1,131,3,9535.0,10126.0
1,132,4,9563.0,10154.0
1,133,5,9614.0,10205.0
1,134,6,9642.0,10233.0
1,135,7,9693.0,10284.0
1,136,8,9721.0,10312.0
1,137,1,9996.0,10584.0
1,138,2,10075.0,10666.0
1,139,3,10126.0,10717.0
1,140,4,10154.0,10745.0
1,141,5,10205.0,10796.0
1,142,6,10233.0,10824.0
1,143,7,10284.0,10875.0
1,144,8,10312.0,10903.0
1,145,1,10584.0,11172.0
1,146,2,10666.0,11257.0
1,147,3,10717.0,11308.0
1,148,4,10745.0,11336.0
1,149,5,10796.0,11387.0
1,150,6,10824.0,11415.0
1,151,7,10875.0,11466.0
1,152,8,10903.0,11494.0
1,153,1,11172.0,11760.0
1,154,2,11257.0,11848.0
1,155,3,11308.0,11899.0
1,156,4,11336.0,11927.0
1,157,5,11387.0,11978.0
1,158,6,11415.0,12006.0
1,159,7,11466.0,12057.0
1,160,8,11494.0,12085.0
1,161,1,11760.0,12348.0
1,162,2,11848.0,12439.0
1,163,3,11899.0,12490.0
1,164,4,11927.0,12518.0
1,165,5,11978.0,12569.0
1,166,6,12006.0,12597.0
1,167,7,12057.0,12648.0
1,168,8,12085.0,12676.0
1,169,1,12348.0,12936.0
1,170,2,12439.0,13030.0
1,171,3,12490.0,13081.0
1,172,4,12518.0,13109.0
1,173,5,12569.0,13160.0
1,174,6,12597.0,13188.0
1,175,7,12648.0,13239.0
1,176,8,12676.0,13267.0
1,177,1,12936.0,13524.0
1,178,2,13030.0,13621.0
1,179,3,13081.0,13672.0
1,180,4,13109.0,13700.0
1,181,5,13160.0,13751.0
1,182,6,13188.0,13779.0
1,183,7,13239.0,13830.0
1,184,8,13267.0,13858.0
1,185,1,13524.0,14112.0
1,186,2,13621.0,14212.0
1,187,3,13672.0,14263.0
1,188,4,13700.0,14291.0
1,189,5,13751.0,14342.0
1,190,6,13779.0,14370.0
1,191,7,13830.0,14421.0
1,192,8,13858.0,14449.0
1,193,1,14112.0,14700.0
1,194,2,14212.0,14803.0
1,195,3,14263.0,14854.0
1,196,4,14291.0,14882.0
1,197,5,14342.0,14933.0
1,198,6,14370.0,14961.0
1,199,7,14421.0,15012.0
1,200,8,14449.0,15040.0
1,201,1,14700.0,15288.0
1,202,2,14803.0,15394.0
1,203,3,14854.0,15445.0
1,204,4,14882.0,15473.0
1,205,5,14933.0,15524.0
1,206,6,14961.0,15552.0
1,207,7,15012.0,15603.0
1,208,8,15040.0,15631.0
1,209,1,15288.0,15876.0
1,210,2,15394.0,15985.0
1,211,3,15445.0,16036.0
1,212,4,15473.0,16064.0
1,213,5,15524.0,16115.0
1,214,6,15552.0,16143.0
1,215,7,15603.0,16194.0
1,216,8,15631.0,16222.0
1,217,1,15876.0,16464.0
1,218,2,15985.0,16576.0
1,219,3,16036.0,16627.0
1,220,4,16064.0,16655.0
1,221,5,16115.0,16706.0
1,222,6,16143.0,16734.0
1,223,7,16194.0,16785.0
1,224,8,16222.0,16813.0
1,225,1,16464.0,17052.0
1,226,2,16576.0,17167.0
1,227,3,16627.0,17218.0
1,228,4,16655.0,17246.0
1,229,5,16706.0,17297.0
1,230,6,16734.0,17325.0
1,231,7,16785.0,17376.0
1,232,8,16813.0,17404.0
1,233,1,17052.0,17640.0
1,234,2,17167.0,17758.0
1,235,3,17218.0,17809.0
1,236,4,17246.0,17837.0
1,237,5,17297.0,17888.0
1,238,6,17325.0,17916.0
1,239,7,17376.0,17967.0
1,240,8,17404.0,17995.0
1,241,1,17640.0,18228.0
1,242,2,17758.0,18349.0
1,243,3,17809.0,18400.0
1,244,4,17837.0,18428.0
1,245,5,17888.0,18479.0
1,246,6,17916.0,18507.0
1,247,7,17967.0,18558.0
1,248,8,17995.0,18586.0
1,249,1,18228.0,18816.0
1,250,2,18349.0,18940.0
1,251,3,18400.0,18991.0
1,252,4,18428.0,19019.0
1,253,5,18479.0,19070.0
1,254,6,18507.0,19098.0
1,255,7,18558.0,19149.0
1,256,8,18586.0,19177.0
1,257,1,18816.0,19404.0
1,258,2,18940.0,19531.0
1,259,3,18991.0,19582.0
1,260,4,19019.0,19610.0
1,261,5,19070.0,19661.0
1,262,6,19098.0,19689.0
1,263,7,19149.0,19740.0
1,264,8,19177.0,19768.0
1,265,1,19404.0,19992.0
1,266,2,19531.0,20122.0
1,267,3,19582.0,20173.0
1,268,4,19610.0,20201.0
1,269,5,19661.0,20252.0
1,270,6,19689.0,20280.0
1,271,7,19740.0,20331.0
1,272,8,19768.0,20359.0
1,273,1,19992.0,20580.0
1,274,2,20122.0,20713.0
1,275,3,20173.0,20764.0
1,276,4,20201.0,20792.0
1,277,5,20252.0,20843.0
1,278,6,20280.0,20871.0
1,279,7,20331.0,20922.0
1,280,8,20359.0,20950.0
1,281,1,20580.0,21168.0
1,282,2,20713.0,21304.0
1,283,3,20764.0,21355.0
1,284,4,20792.0,21383.0
1,285,5,20843.0,21434.0
1,286,6,20871.0,21462.0
1,287,7,20922.0,21513.0
1,288,8,20950.0,21541.0
1,289,1,21168.0,21756.0
1,290,2,21304.0,21895.0
1,291,3,21355.0,21946.0
1,292,4,21383.0,21974.0
1,293,5,21434.0,22025.0
1,294,6,21462.0,22053.0
1,295,7,21513.0,22104.0
1,296,8,21541.0,22132.0
1,297,1,21756.0,22344.0
1,298,2,21895.0,22486.0
1,299,3,21946.0,22537.0
1,300,4,21974.0,22565.0
1,301,5,22025.0,22616.0
1,302,6,22053.0,22644.0
1,303,7,22104.0,22695.0
1,304,8,22132.0,22723.0
1,305,1,22344.0,22932.0
1,306,2,22486.0,23077.0
1,307,3,22537.0,23128.0
1,308,4,22565.0,23156.0
1,309,5,22616.0,23207.0
1,310,6,22644.0,23235.0
1,311,7,22695.0,23286.0
1,312,8,22723.0,23314.0
1,313,1,22932.0,23520.0
1,314,2,23077.0,23668.0
1,315,3,23128.0,23719.0
1,316,4,23156.0,23747.0
1,317,5,23207.0,23798.0
1,318,6,23235.0,23826.0
1,319,7,23286.0,23877.0
1,320,8,23314.0,23905.0
1,321,1,23520.0,24108.0
1,322,2,23668.0,24259.0
1,323,3,23719.0,24310.0
1,324,4,23747.0,24338.0
1,325,5,23798.0,24389.0
1,326,6,23826.0,24417.0
1,327,7,23877.0,24468.0
1,328,8,23905.0,24496.0
1,329,1,24108.0,24696.0
1,330,2,24259.0,24850.0
1,331,3,24310.0,24901.0
1,332,4,24338.0,24929.0
1,333,5,24389.0,24980.0
1,334,6,24417.0,25008.0
1,335,7,24468.0,25059.0
1,336,8,24496.0,25087.0
1,337,1,24696.0,25284.0
1,338,2,24850.0,25441.0
1,339,3,24901.0,25492.0
1,340,4,24929.0,25520.0
1,341,5,24980.0,25571.0
1,342,6,25008.0,25599.0
1,343,7,25059.0,25650.0
1,344,8,25087.0,25678.0
1,345,1,25284.0,25872.0
1,346,2,25441.0,26032.0
1,347,3,25492.0,26083.0
1,348,4,25520.0,26111.0
1,349,5,25571.0,26162.0
1,350,6,25599.0,26190.0
1,351,7,25650.0,26241.0
1,352,8,25678.0,26269.0
1,353,1,25872.0,26460.0
1,354,2,26032.0,26623.0
1,355,3,26083.0,26674.0
1,356,4,26111.0,26702.0
1,357,5,26162.0,26753.0
1,358,6,26190.0,26781.0
1,359,7,26241.0,26832.0
1,360,8,26269.0,26860.0
1,361,1,26460.0,27048.0
1,362,2,26623.0,27214.0
1,363,3,26674.0,27265.0
1,364,4,26702.0,27293.0
1,365,5,26753.0,27344.0
1,366,6,26781.0,27372.0
1,367,7,26832.0,27423.0
1,368,8,26860.0,27451.0
1,369,1,27048.0,27636.0
1,370,2,27214.0,27805.0
1,371,3,27265.0,27856.0
1,372,4,27293.0,27884.0
1,373,5,27344.0,27935.0
1,374,6,27372.0,27963.0
1,375,7,27423.0,28014.0
1,376,8,27451.0,28042.0
1,377,1,27636.0,28224.0
1,378,2,27805.0,28396.0
1,379,3,27856.0,28447.0
1,380,4,27884.0,28475.0
1,381,5,27935.0,28526.0
1,382,6,27963.0,28554.0
1,383,7,28014.0,28605.0
1,384,8,28042.0,28633.0
2,1,1,0.0,610.0
2,2,2,30.0,645.0
2,3,3,88.0,703.0
2,4,4,118.0,733.0
2,5,5,176.0,791.0
2,6,6,206.0,821.0
2,7,7,264.0,879.0
2,8,8,294.0,909.0
2,9,1,610.0,1220.0
2,10,2,645.0,1260.0
2,11,3,703.0,1318.0
2,12,4,733.0,1348.0
2,13,5,791.0,1406.0
2,14,6,821.0,1436.0
2,15,7,879.0,1494.0
2,16,8,909.0,1524.0
2,17,1,1220.0,1830.0
2,18,2,1260.0,1875.0
2,19,3,1318.0,1933.0
2,20,4,1348.0,1963.0
2,21,5,1406.0,2021.0
2,22,6,1436.0,2051.0
2,23,7,1494.0,2109.0
2,24,8,1524.0,2139.0
2,25,1,1830.0,2440.0
2,26,2,1875.0,2490.0
2,27,3,1933.0,2548.0
2,28,4,1963.0,2578.0
2,29,5,2021.0,2636.0
2,30,6,2051.0,2666.0
2,31,7,2109.0,2724.0
2,32,8,2139.0,2754.0
2,33,1,2440.0,3050.0
2,34,2,2490.0,3105.0
2,35,3,2548.0,3163.0
2,36,4,2578.0,3193.0
2,37,5,2636.0,3251.0
2,38,6,2666.0,3281.0
2,39,7,2724.0,3339.0
2,40,8,2754.0,3369.0
2,41,1,3050.0,3660.0
2,42,2,3105.0,3720.0
2,43,3,3163.0,3778.0
2,44,4,3193.0,3808.0
2,45,5,3251.0,3866.0
2,46,6,3281.0,3896.0
2,47,7,3339.0,3954.0
2,48,8,3369.0,3984.0
2,49,1,3660.0,4270.0
2,50,2,3720.0,4335.0
2,51,3,3778.0,4393.0
2,52,4,3808.0,4423.0
2,53,5,3866.0,4481.0
2,54,6,3896.0,4511.0
2,55,7,3954.0,4569.0
2,56,8,3984.0,4599.0
2,57,1,4270.0,4880.0
2,58,2,4335.0,4950.0
2,59,3,4393.0,5008.0
2,60,4,4423.0,5038.0
2,61,5,4481.0,5096.0
2,62,6,4511.0,5126.0
2,63,7,4569.0,5184.0
2,64,8,4599.0,5214.0
2,65,1,4880.0,5490.0
2,66,2,4950.0,5565.0
2,67,3,5008.0,5623.0
2,68,4,5038.0,5653.0
2,69,5,5096.0,5711.0
2,70,6,5126.0,5741.0
2,71,7,5184.0,5799.0
2,72,8,5214.0,5829.0
2,73,1,5490.0,6100.0
2,74,2,5565.0,6180.0
2,75,3,5623.0,6238.0
2,76,4,5653.0,6268.0
2,77,5,5711.0,6326.0
2,78,6,5741.0,6356.0
2,79,7,5799.0,6414.0
2,80,8,5829.0,6444.0
2,81,1,6100.0,6710.0
2,82,2,6180.0,6795.0
2,83,3,6238.0,6853.0
2,84,4,6268.0,6883.0
2,85,5,6326.0,6941.0
2,86,6,6356.0,6971.0
2,87,7,6414.0,7029.0
2,88,8,6444.0,7059.0
2,89,1,6710.0,7320.0
2,90,2,6795.0,7410.0
2,91,3,6853.0,7468.0
2,92,4,6883.0,7498.0
2,93,5,6941.0,7556.0
2,94,6,6971.0,7586.0
2,95,7,7029.0,7644.0
2,96,8,7059.0,7674.0
2,97,1,7320.0,7930.0
2,98,2,7410.0,8025.0
2,99,3,7468.0,8083.0
2,100,4,7498.0,8113.0
2,101,5,7556.0,8171.0
2,102,6,7586.0,8201.0
2,103,7,7644.0,8259.0
2,104,8,7674.0,8289.0
2,105,1,7930.0,8540.0
2,106,2,8025.0,8640.0
2,107,3,8083.0,8698.0
2,108,4,8113.0,8728.0
2,109,5,8171.0,8786.0
2,110,6,8201.0,8816.0
2,111,7,8259.0,8874.0
2,112,8,8289.0,8904.0
2,113,1,8540.0,9150.0
2,114,2,8640.0,9255.0
2,115,3,8698.0,9313.0
2,116,4,8728.0,9343.0
2,117,5,8786.0,9401.0
2,118,6,8816.0,9431.0
2,119,7,8874.0,9489.0
2,120,8,8904.0,9519.0
2,121,1,9150.0,9760.0
2,122,2,9255.0,9870.0
2,123,3,9313.0,9928.0
2,124,4,9343.0,9958.0
2,125,5,9401.0,10016.0
2,126,6,9431.0,10046.0
2,127,7,9489.0,10104.0
2,128,8,9519.0,10134.0
2,129,1,9760.0,10370.0
2,130,2,9870.0,10485.0
2,131,3,9928.0,10543.0
2,132,4,9958.0,10573.0
2,133,5,10016.0,10631.0
2,134,6,10046.0,10661.0
2,135,7,10104.0,10719.0
2,136,8,10134.0,10749.0
2,137,1,10370.0,10980.0
2,138,2,10485.0,11100.0
2,139,3,10543.0,11158.0
2,140,4,10573.0,11188.0
2,141,5,10631.0,11246.0
2,142,6,10661.0,11276.0
2,143,7,10719.0,11334.0
2,144,8,10749.0,11364.0
2,145,1,10980.0,11590.0
2,146,2,11100.0,11715.0
2,147,3,11158.0,11773.0
2,148,4,11188.0,11803.0
2,149,5,11246.0,11861.0
2,150,6,11276.0,11891.0
2,151,7,11334.0,11949.0
2,152,8,11364.0,11979.0
2,153,1,11590.0,12200.0
2,154,2,11715.0,12330.0
2,155,3,11773.0,12388.0
2,156,4,11803.0,12418.0
2,157,5,11861.0,12476.0
2,158,6,11891.0,12506.0
2,159,7,11949.0,12564.0
2,160,8,11979.0,12594.0
2,161,1,12200.0,12810.0
2,162,2,12330.0,12945.0
2,163,3,12388.0,13003.0
2,164,4,12418.0,13033.0
2,165,5,12476.0,13091.0
2,166,6,12506.0,13121.0
2,167,7,12564.0,13179.0
2,168,8,12594.0,13209.0
2,169,1,12810.0,13420.0
2,170,2,12945.0,13560.0
2,171,3,13003.0,13618.0
2,172,4,13033.0,13648.0
2,173,5,13091.0,13706.0
2,174,6,13121.0,13736.0
2,175,7,13179.0,13794.0
2,176,8,13209.0,13824.0
2,177,1,13420.0,14030.0
2,178,2,13560.0,14175.0
2,179,3,13618.0,14233.0
2,180,4,13648.0,14263.0
2,181,5,13706.0,14321.0
2,182,6,13736.0,14351.0
2,183,7,13794.0,14409.0
2,184,8,13824.0,14439.0
2,185,1,14030.0,14640.0
2,186,2,14175.0,14790.0
2,187,3,14233.0,14848.0
2,188,4,14263.0,14878.0
2,189,5,14321.0,14936.0
2,190,6,14351.0,14966.0
2,191,7,14409.0,15024.0
2,192,8,14439.0,15054.0
2,193,1,14640.0,15250.0
2,194,2,14790.0,15405.0
2,195,3,14848.0,15463.0
2,196,4,14878.0,15493.0
2,197,5,14936.0,15551.0
2,198,6,14966.0,15581.0
2,199,7,15024.0,15639.0
2,200,8,15054.0,15669.0
2,201,1,15250.0,15860.0
2,202,2,15405.0,16020.0
2,203,3,15463.0,16078.0
2,204,4,15493.0,16108.0
2,205,5,15551.0,16166.0
2,206,6,15581.0,16196.0
2,207,7,15639.0,16254.0
2,208,8,15669.0,16284.0
2,209,1,15860.0,16470.0
2,210,2,16020.0,16635.0
2,211,3,16078.0,16693.0
2,212,4,16108.0,16723.0
2,213,5,16166.0,16781.0
2,214,6,16196.0,16811.0
2,215,7,16254.0,16869.0
2,216,8,16284.0,16899.0
2,217,1,16470.0,17080.0
2,218,2,16635.0,17250.0
2,219,3,16693.0,17308.0
2,220,4,16723.0,17338.0
2,221,5,16781.0,17396.0
2,222,6,16811.0,17426.0
2,223,7,16869.0,17484.0
2,224,8,16899.0,17514.0
2,225,1,17080.0,17690.0
2,226,2,17250.0,17865.0
2,227,3,17308.0,17923.0
2,228,4,17338.0,17953.0
2,229,5,17396.0,18011.0
2,230,6,17426.0,18041.0
2,231,7,17484.0,18099.0
2,232,8,17514.0,18129.0
2,233,1,17690.0,18300.0
2,234,2,17865.0,18480.0
2,235,3,17923.0,18538.0
2,236,4,17953.0,18568.0
2,237,5,18011.0,18626.0
2,238,6,18041.0,18656.0
2,239,7,18099.0,18714.0
2,240,8,18129.0,18744.0
2,241,1,18300.0,18910.0
2,242,2,18480.0,19095.0
2,243,3,18538.0,19153.0
2,244,4,18568.0,19183.0
2,245,5,18626.0,19241.0
2,246,6,18656.0,19271.0
2,247,7,18714.0,19329.0
2,248,8,18744.0,19359.0
2,249,1,18910.0,19520.0
2,250,2,19095.0,19710.0
2,251,3,19153.0,19768.0
2,252,4,19183.0,19798.0
2,253,5,19241.0,19856.0
2,254,6,19271.0,19886.0
2,255,7,19329.0,19944.0
2,256,8,19359.0,19974.0
2,257,1,19520.0,20130.0
2,258,2,19710.0,20325.0
2,259,3,19768.0,20383.0
2,260,4,19798.0,20413.0
2,261,5,19856.0,20471.0
2,262,6,19886.0,20501.0
2,263,7,19944.0,20559.0
2,264,8,19974.0,20589.0
2,265,1,20130.0,20740.0
2,266,2,20325.0,20940.0
2,267,3,20383.0,20998.0
2,268,4,20413.0,21028.0
2,269,5,20471.0,21086.0
2,270,6,20501.0,21116.0
2,271,7,20559.0,21174.0
2,272,8,20589.0,21204.0
2,273,1,20740.0,21350.0
2,274,2,20940.0,21555.0
2,275,3,20998.0,21613.0
2,276,4,21028.0,21643.0
2,277,5,21086.0,21701.0
2,278,6,21116.0,21731.0
2,279,7,21174.0,21789.0
2,280,8,21204.0,21819.0
2,281,1,21350.0,21960.0
2,282,2,21555.0,22170.0
2,283,3,21613.0,22228.0
2,284,4,21643.0,22258.0
2,285,5,21701.0,22316.0
2,286,6,21731.0,22346.0
2,287,7,21789.0,22404.0
2,288,8,21819.0,22434.0
2,289,1,21960.0,22570.0
2,290,2,22170.0,22785.0
2,291,3,22228.0,22843.0
2,292,4,22258.0,22873.0
2,293,5,22316.0,22931.0
2,294,6,22346.0,22961.0
2,295,7,22404.0,23019.0
2,296,8,22434.0,23049.0
2,297,1,22570.0,23180.0
2,298,2,22785.0,23400.0
2,299,3,22843.0,23458.0
2,300,4,22873.0,23488.0
2,301,5,22931.0,23546.0
2,302,6,22961.0,23576.0
2,303,7,23019.0,23634.0
2,304,8,23049.0,23664.0
2,305,1,23180.0,23790.0
2,306,2,23400.0,24015.0
2,307,3,23458.0,24073.0
2,308,4,23488.0,24103.0
2,309,5,23546.0,24161.0
2,310,6,23576.0,24191.0
2,311,7,23634.0,24249.0
2,312,8,23664.0,24279.0
2,313,1,23790.0,24400.0
2,314,2,24015.0,24630.0
2,315,3,24073.0,24688.0
2,316,4,24103.0,24718.0
2,317,5,24161.0,24776.0
2,318,6,24191.0,24806.0
2,319,7,24249.0,24864.0
2,320,8,24279.0,24894.0
2,321,1,24400.0,25010.0
2,322,2,24630.0,25245.0
2,323,3,24688.0,25303.0
2,324,4,24718.0,25333.0
2,325,5,24776.0,25391.0
2,326,6,24806.0,25421.0
2,327,7,24864.0,25479.0
2,328,8,24894.0,25509.0
2,329,1,25010.0,25620.0
2,330,2,25245.0,25860.0
2,331,3,25303.0,25918.0
2,332,4,25333.0,25948.0
2,333,5,25391.0,26006.0
2,334,6,25421.0,26036.0
2,335,7,25479.0,26094.0
2,336,8,25509.0,26124.0
2,337,1,25620.0,26230.0
2,338,2,25860.0,26475.0
2,339,3,25918.0,26533.0
2,340,4,25948.0,26563.0
2,341,5,26006.0,26621.0
2,342,6,26036.0,26651.0
2,343,7,26094.0,26709.0
2,344,8,26124.0,26739.0
2,345,1,26230.0,26840.0
2,346,2,26475.0,27090.0
2,347,3,26533.0,27148.0
2,348,4,26563.0,27178.0
2,349,5,26621.0,27236.0
2,350,6,26651.0,27266.0
2,351,7,26709.0,27324.0
2,352,8,26739.0,27354.0
2,353,1,26840.0,27450.0
2,354,2,27090.0,27705.0
2,355,3,27148.0,27763.0
2,356,4,27178.0,27793.0
2,357,5,27236.0,27851.0
2,358,6,27266.0,27881.0
2,359,7,27324.0,27939.0
2,360,8,27354.0,27969.0
2,361,1,27450.0,28063.0
2,362,2,27705.0,28320.0
2,363,3,27763.0,28378.0
2,364,4,27793.0,28408.0
2,365,5,27851.0,28466.0
2,366,6,27881.0,28496.0
2,367,7,27939.0,28554.0
2,368,8,27969.0,28584.0
2,369,1,28063.0,28678.0
3,1,1,0.0,572.0
3,2,2,27.0,604.0
3,3,3,77.0,654.0
3,4,4,104.0,681.0
3,5,5,154.0,731.0
3,6,6,181.0,758.0
3,7,7,231.0,808.0
3,8,8,258.0,835.0
3,9,1,572.0,1144.0
3,10,2,604.0,1181.0
3,11,3,654.0,1231.0
3,12,4,681.0,1258.0
3,13,5,731.0,1308.0
3,14,6,758.0,1335.0
3,15,7,808.0,1385.0
3,16,8,835.0,1412.0
3,17,1,1144.0,1716.0
3,18,2,1181.0,1758.0
3,19,3,1231.0,1808.0
3,20,4,1258.0,1835.0
3,21,5,1308.0,1885.0
3,22,6,1335.0,1912.0
3,23,7,1385.0,1962.0
3,24,8,1412.0,1989.0
3,25,1,1716.0,2288.0
3,26,2,1758.0,2335.0
3,27,3,1808.0,2385.0
3,28,4,1835.0,2412.0
3,29,5,1885.0,2462.0
3,30,6,1912.0,2489.0
3,31,7,1962.0,2539.0
3,32,8,1989.0,2566.0
3,33,1,2288.0,2860.0
3,34,2,2335.0,2912.0
3,35,3,2385.0,2962.0
3,36,4,2412.0,2989.0
3,37,5,2462.0,3039.0
3,38,6,2489.0,3066.0
3,39,7,2539.0,3116.0
3,40,8,2566.0,3143.0
3,41,1,2860.0,3432.0
3,42,2,2912.0,3489.0
3,43,3,2962.0,3539.0
3,44,4,2989.0,3566.0
3,45,5,3039.0,3616.0
3,46,6,3066.0,3643.0
3,47,7,3116.0,3693.0
3,48,8,3143.0,3720.0
3,49,1,3432.0,4004.0
3,50,2,3489.0,4066.0
3,51,3,3539.0,4116.0
3,52,4,3566.0,4143.0
3,53,5,3616.0,4193.0
3,54,6,3643.0,4220.0
3,55,7,3693.0,4270.0
3,56,8,3720.0,4297.0
3,57,1,4004.0,4576.0
3,58,2,4066.0,4643.0
3,59,3,4116.0,4693.0
3,60,4,4143.0,4720.0
3,61,5,4193.0,4770.0
3,62,6,4220.0,4797.0
3,63,7,4270.0,4847.0
3,64,8,4297.0,4874.0
3,65,1,4576.0,5148.0
3,66,2,4643.0,5220.0
3,67,3,4693.0,5270.0
3,68,4,4720.0,5297.0
3,69,5,4770.0,5347.0
3,70,6,4797.0,5374.0
3,71,7,4847.0,5424.0
3,72,8,4874.0,5451.0
3,73,1,5148.0,5720.0
3,74,2,5220.0,5797.0
3,75,3,5270.0,5847.0
3,76,4,5297.0,5874.0
3,77,5,5347.0,5924.0
3,78,6,5374.0,5951.0
3,79,7,5424.0,6001.0
3,80,8,5451.0,6028.0
3,81,1,5720.0,6292.0
3,82,2,5797.0,6374.0
3,83,3,5847.0,6424.0
3,84,4,5874.0,6451.0
3,85,5,5924.0,6501.0
3,86,6,5951.0,6528.0
3,87,7,6001.0,6578.0
3,88,8,6028.0,6605.0
3,89,1,6292.0,6864.0
3,90,2,6374.0,6951.0
3,91,3,6424.0,7001.0
3,92,4,6451.0,7028.0
3,93,5,6501.0,7078.0
3,94,6,6528.0,7105.0
3,95,7,6578.0,7155.0
3,96,8,6605.0,7182.0
3,97,1,6864.0,7436.0
3,98,2,6951.0,7528.0
3,99,3,7001.0,7578.0
3,100,4,7028.0,7605.0
3,101,5,7078.0,7655.0
3,102,6,7105.0,7682.0
3,103,7,7155.0,7732.0
3,104,8,7182.0,7759.0
3,105,1,7436.0,8008.0
3,106,2,7528.0,8105.0
3,107,3,7578.0,8155.0
3,108,4,7605.0,8182.0
3,109,5,7655.0,8232.0
3,110,6,7682.0,8259.0
3,111,7,7732.0,8309.0
3,112,8,7759.0,8336.0
3,113,1,8008.0,8580.0
3,114,2,8105.0,8682.0
3,115,3,8155.0,8732.0
3,116,4,8182.0,8759.0
3,117,5,8232.0,8809.0
3,118,6,8259.0,8836.0
3,119,7,8309.0,8886.0
3,120,8,8336.0,8913.0
3,121,1,8580.0,9152.0
3,122,2,8682.0,9259.0
3,123,3,8732.0,9309.0
3,124,4,8759.0,9336.0
3,125,5,8809.0,9386.0
3,126,6,8836.0,9413.0
3,127,7,8886.0,9463.0
3,128,8,8913.0,9490.0
3,129,1,9152.0,9724.0
3,130,2,9259.0,9836.0
3,131,3,9309.0,9886.0
3,132,4,9336.0,9913.0
3,133,5,9386.0,9963.0
3,134,6,9413.0,9990.0
3,135,7,9463.0,10040.0
3,136,8,9490.0,10067.0
3,137,1,9724.0,10296.0
3,138,2,9836.0,10413.0
3,139,3,9886.0,10463.0
3,140,4,9913.0,10490.0
3,141,5,9963.0,10540.0
3,142,6,9990.0,10567.0
3,143,7,10040.0,10617.0
3,144,8,10067.0,10644.0
3,145,1,10296.0,10868.0
3,146,2,10413.0,10990.0
3,147,3,10463.0,11040.0
3,148,4,10490.0,11067.0
3,149,5,10540.0,11117.0
3,150,6,10567.0,11144.0
3,151,7,10617.0,11194.0
3,152,8,10644.0,11221.0
3,153,1,10868.0,11440.0
3,154,2,10990.0,11567.0
3,155,3,11040.0,11617.0
3,156,4,11067.0,11644.0
3,157,5,11117.0,11694.0
3,158,6,11144.0,11721.0
3,159,7,11194.0,11771.0
3,160,8,11221.0,11798.0
3,161,1,11440.0,12012.0
3,162,2,11567.0,12144.0
3,163,3,11617.0,12194.0
3,164,4,11644.0,12221.0
3,165,5,11694.0,12271.0
3,166,6,11721.0,12298.0
3,167,7,11771.0,12348.0
3,168,8,11798.0,12375.0
3,169,1,12012.0,12584.0
3,170,2,12144.0,12721.0
3,171,3,12194.0,12771.0
3,172,4,12221.0,12798.0
3,173,5,12271.0,12848.0
3,174,6,12298.0,12875.0
3,175,7,12348.0,12925.0
3,176,8,12375.0,12952.0
3,177,1,12584.0,13156.0
3,178,2,12721.0,13298.0
3,179,3,12771.0,13348.0
3,180,4,12798.0,13375.0
3,181,5,12848.0,13425.0
3,182,6,12875.0,13452.0
3,183,7,12925.0,13502.0
3,184,8,12952.0,13529.0
3,185,1,13156.0,13728.0
3,186,2,13298.0,13875.0
3,187,3,13348.0,13925.0
3,188,4,13375.0,13952.0
3,189,5,13425.0,14002.0
3,190,6,13452.0,14029.0
3,191,7,13502.0,14079.0
3,192,8,13529.0,14106.0
3,193,1,13728.0,14300.0
3,194,2,13875.0,14452.0
3,195,3,13925.0,14502.0
3,196,4,13952.0,14529.0
3,197,5,14002.0,14579.0
3,198,6,14029.0,14606.0
3,199,7,14079.0,14656.0
3,200,8,14106.0,14683.0
3,201,1,14300.0,14872.0
3,202,2,14452.0,15029.0
3,203,3,14502.0,15079.0
3,204,4,14529.0,15106.0
3,205,5,14579.0,15156.0
3,206,6,14606.0,15183.0
3,207,7,14656.0,15233.0
3,208,8,14683.0,15260.0
3,209,1,14872.0,15444.0
3,210,2,15029.0,15606.0
3,211,3,15079.0,15656.0
3,212,4,15106.0,15683.0
3,213,5,15156.0,15733.0
3,214,6,15183.0,15760.0
3,215,7,15233.0,15810.0
3,216,8,15260.0,15837.0
3,217,1,15444.0,16016.0
3,218,2,15606.0,16183.0
3,219,3,15656.0,16233.0
3,220,4,15683.0,16260.0
3,221,5,15733.0,16310.0
3,222,6,15760.0,16337.0
3,223,7,15810.0,16387.0
3,224,8,15837.0,16414.0
3,225,1,16016.0,16588.0
3,226,2,16183.0,16760.0
3,227,3,16233.0,16810.0
3,228,4,16260.0,16837.0
3,229,5,16310.0,16887.0
3,230,6,16337.0,16914.0
3,231,7,16387.0,16964.0
3,232,8,16414.0,16991.0
3,233,1,16588.0,17160.0
3,234,2,16760.0,17337.0
3,235,3,16810.0,17387.0
3,236,4,16837.0,17414.0
3,237,5,16887.0,17464.0
3,238,6,16914.0,17491.0
3,239,7,16964.0,17541.0
3,240,8,16991.0,17568.0
3,241,1,17160.0,17732.0
3,242,2,17337.0,17914.0
3,243,3,17387.0,17964.0
3,244,4,17414.0,17991.0
3,245,5,17464.0,18041.0
3,246,6,17491.0,18068.0
3,247,7,17541.0,18118.0
3,248,8,17568.0,18145.0
3,249,1,17732.0,18304.0
3,250,2,17914.0,18491.0
3,251,3,17964.0,18541.0
3,252,4,17991.0,18568.0
3,253,5,18041.0,18618.0
3,254,6,18068.0,18645.0
3,255,7,18118.0,18695.0
3,256,8,18145.0,18722.0
3,257,1,18304.0,18876.0
3,258,2,18491.0,19068.0
3,259,3,18541.0,19118.0
3,260,4,18568.0,19145.0
3,261,5,18618.0,19195.0
3,262,6,18645.0,19222.0
3,263,7,18695.0,19272.0
3,264,8,18722.0,19299.0
3,265,1,18876.0,19448.0
3,266,2,19068.0,19645.0
3,267,3,19118.0,19695.0
3,268,4,19145.0,19722.0
3,269,5,19195.0,19772.0
3,270,6,19222.0,19799.0
3,271,7,19272.0,19849.0
3,272,8,19299.0,19876.0
3,273,1,19448.0,20020.0
3,274,2,19645.0,20222.0
3,275,3,19695.0,20272.0
3,276,4,19722.0,20299.0
3,277,5,19772.0,20349.0
3,278,6,19799.0,20376.0
3,279,7,19849.0,20426.0
3,280,8,19876.0,20453.0
3,281,1,20020.0,20592.0
3,282,2,20222.0,20799.0
3,283,3,20272.0,20849.0
3,284,4,20299.0,20876.0
3,285,5,20349.0,20926.0
3,286,6,20376.0,20953.0
3,287,7,20426.0,21003.0
3,288,8,20453.0,21030.0
3,289,1,20592.0,21164.0
3,290,2,20799.0,21376.0
3,291,3,20849.0,21426.0
3,292,4,20876.0,21453.0
3,293,5,20926.0,21503.0
3,294,6,20953.0,21530.0
3,295,7,21003.0,21580.0
3,296,8,21030.0,21607.0
3,297,1,21164.0,21736.0
3,298,2,21376.0,21953.0
3,299,3,21426.0,22003.0
3,300,4,21453.0,22030.0
3,301,5,21503.0,22080.0
3,302,6,21530.0,22107.0
3,303,7,21580.0,22157.0
3,304,8,21607.0,22184.0
3,305,1,21736.0,22308.0
3,306,2,21953.0,22530.0
3,307,3,22003.0,22580.0
3,308,4,22030.0,22607.0
3,309,5,22080.0,22657.0
3,310,6,22107.0,22684.0
3,311,7,22157.0,22734.0
3,312,8,22184.0,22761.0
3,313,1,22308.0,22880.0
3,314,2,22530.0,23107.0
3,315,3,22580.0,23157.0
3,316,4,22607.0,23184.0
3,317,5,22657.0,23234.0
3,318,6,22684.0,23261.0
3,319,7,22734.0,23311.0
3,320,8,22761.0,23338.0
3,321,1,22880.0,23452.0
3,322,2,23107.0,23684.0
3,323,3,23157.0,23734.0
3,324,4,23184.0,23761.0
3,325,5,23234.0,23811.0
3,326,6,23261.0,23838.0
3,327,7,23311.0,23888.0
3,328,8,23338.0,23915.0
3,329,1,23452.0,24024.0
3,330,2,23684.0,24261.0
3,331,3,23734.0,24311.0
3,332,4,23761.0,24338.0
3,333,5,23811.0,24388.0
3,334,6,23838.0,24415.0
3,335,7,23888.0,24465.0
3,336,8,23915.0,24492.0
3,337,1,24024.0,24596.0
3,338,2,24261.0,24838.0
3,339,3,24311.0,24888.0
3,340,4,24338.0,24915.0
3,341,5,24388.0,24965.0
3,342,6,24415.0,24992.0
3,343,7,24465.0,25042.0
3,344,8,24492.0,25069.0
3,345,1,24596.0,25168.0
3,346,2,24838.0,25415.0
3,347,3,24888.0,25465.0
3,348,4,24915.0,25492.0
3,349,5,24965.0,25542.0
3,350,6,24992.0,25569.0
3,351,7,25042.0,25619.0
3,352,8,25069.0,25646.0
3,353,1,25168.0,25740.0
3,354,2,25415.0,25992.0
3,355,3,25465.0,26042.0
3,356,4,25492.0,26069.0
3,357,5,25542.0,26119.0
3,358,6,25569.0,26146.0
3,359,7,25619.0,26196.0
3,360,8,25646.0,26223.0
3,361,1,25740.0,26312.0
3,362,2,25992.0,26569.0
3,363,3,26042.0,26619.0
3,364,4,26069.0,26646.0
3,365,5,26119.0,26696.0
3,366,6,26146.0,26723.0
3,367,7,26196.0,26773.0
3,368,8,26223.0,26800.0
3,369,1,26312.0,26884.0
3,370,2,26569.0,27146.0
3,371,3,26619.0,27196.0
3,372,4,26646.0,27223.0
3,373,5,26696.0,27273.0
3,374,6,26723.0,27300.0
3,375,7,26773.0,27350.0
3,376,8,26800.0,27377.0
3,377,1,26884.0,27456.0
3,378,2,27146.0,27723.0
3,379,3,27196.0,27773.0
3,380,4,27223.0,27800.0
3,381,5,27273.0,27850.0
3,382,6,27300.0,27877.0
3,383,7,27350.0,27927.0
3,384,8,27377.0,27954.0
3,385,1,27456.0,28032.0
3,386,2,27723.0,28300.0
3,387,3,27773.0,28350.0
3,388,4,27800.0,28377.0
3,389,5,27850.0,28427.0
3,390,6,27877.0,28454.0
3,391,7,27927.0,28504.0
3,392,8,27954.0,28531.0
3,393,1,28032.0,28609.0
