date,discount_intensity,weighted_discount_rate,discount_revenue_share,promotion_revenue_share,discount_amount,revenue
2016-11-30,0.179979,0.127124,0.454958,0.0,224.4,1540.8
2016-12-01,0.130514,0.102854,0.292583,0.0,140.2,1222.9
2016-12-02,0.121609,0.084536,0.31217,0.0,127.7,1382.9
2016-12-03,0.177069,0.128151,0.436813,0.0,311.6,2119.9
2016-12-04,0.181693,0.124184,0.473821,0.0,271.9,1917.6
2016-12-05,0.083491,0.064615,0.191301,0.0,80.2,1161.0
2016-12-06,0.136431,0.111828,0.290759,0.0,166.5,1322.4
2016-12-07,0.155603,0.110387,0.391661,0.0,433.5,3493.58
2016-12-08,0.179199,0.139945,0.406188,0.0,459.0,2820.86
2016-12-09,0.132652,0.094252,0.333376,0.0,341.7,3283.68
2016-12-10,0.135869,0.088995,0.367863,0.0,281.2,2878.52
2016-12-11,0.145213,0.099365,0.378288,0.0,1047.9,9498.06
2016-12-12,0.151303,0.103378,0.394694,0.0,2413.8,20935.48
2016-12-13,0.148973,0.099056,0.398167,0.0,1018.3,9261.7
2016-12-14,0.127825,0.090957,0.320774,0.0,468.2,4679.3
2016-12-15,0.134247,0.092245,0.348379,0.0,673.4,6626.7
2016-12-16,0.169779,0.129366,0.396117,0.0,974.2,6556.4
2016-12-17,0.159681,0.112434,0.404884,0.0,1019.9,8051.2
2016-12-18,0.183919,0.153115,0.383695,0.0,1813.8,10032.2
2016-12-19,0.165337,0.124914,0.389485,0.0,309.8,2170.3
2016-12-20,0.229734,0.201283,0.444181,0.0,542.9,2154.3
2016-12-21,0.14845,0.097588,0.400689,0.0,602.5,5571.4
2016-12-22,0.173305,0.109452,0.483443,0.0,380.5,3095.92
2016-12-23,0.2157,0.139877,0.58893,0.0,881.7,5421.7
2016-12-24,0.142289,0.091285,0.391945,0.0,371.3,3696.18
2016-12-25,0.259828,0.224246,0.514277,0.0,877.7,3036.3
2016-12-26,0.278216,0.21977,0.621887,0.0,515.8,1831.2
2016-12-27,0.188785,0.122004,0.516908,0.0,413.4,2975.0
2016-12-28,0.169637,0.104346,0.482975,0.0,196.4,1685.8
2016-12-29,0.141599,0.102995,0.347512,0.0,383.9,3343.48
2016-12-30,0.126422,0.090121,0.316683,0.0,500.3,5051.1
2016-12-31,0.179359,0.133213,0.430549,0.0,712.3,4634.78
2017-01-01,0.101835,0.075346,0.245463,0.0,202.5,2485.1
2017-01-02,0.099371,0.074714,0.235355,0.0,310.7,3847.8
2017-01-03,0.377534,0.406037,0.466539,0.0,1711.0,2502.9
2017-01-04,0.15666,0.114281,0.383317,0.0,315.7,2446.8
2017-01-05,0.164453,0.097809,0.479937,0.0,151.3,1395.6
2017-01-06,0.165592,0.100141,0.477469,0.0,291.9,2623.0
2017-01-07,0.16562,0.115626,0.423411,0.0,364.8,2790.2
2017-01-08,0.133228,0.077822,0.393763,0.0,253.0,2998.0
2017-01-09,0.143855,0.087591,0.412708,0.0,215.0,2239.6
2017-01-10,0.173783,0.11842,0.454446,0.0,379.5,2825.2
2017-01-11,0.130114,0.081188,0.36641,0.0,194.3,2198.9
2017-01-12,0.085819,0.053526,0.241752,0.0,124.1,2194.4
2017-01-13,0.124954,0.081625,0.339084,0.0,152.5,1715.8
2017-01-14,0.136283,0.08741,0.375479,0.0,595.9,6221.38
2017-01-15,0.106203,0.066666,0.297687,0.0,406.1,5685.5
2017-01-16,0.196935,0.195524,0.300341,0.0,818.7,3368.5
2017-01-17,0.122202,0.077501,0.339753,0.0,272.2,3240.0
2017-01-18,0.139967,0.090024,0.384751,0.0,292.2,2953.6
2017-01-19,0.140802,0.069345,0.461301,0.0,185.4,2488.18
2017-01-20,0.109432,0.068777,0.306441,0.0,207.9,2814.9
2017-01-21,0.078795,0.047578,0.227454,0.0,166.3,3329.02
2017-01-22,0.119006,0.074399,0.334637,0.0,127.4,1585.0
2017-01-23,0.123428,0.082022,0.330066,0.0,206.9,2315.6
2017-01-24,0.106321,0.063795,0.308321,0.0,224.9,3300.46
2017-01-25,0.165196,0.131053,0.367291,0.0,817.8,5422.4
2017-01-26,0.116954,0.091951,0.262939,0.0,554.3,5473.9
2017-01-27,0.152104,0.151353,0.230783,0.0,593.5,3327.8
2017-01-28,0.126819,0.070049,0.388924,0.0,118.2,1569.2
2017-01-29,0.270874,0.261444,0.439318,0.0,641.4,1811.9
2017-01-30,0.097028,0.056788,0.28638,0.0,80.1,1330.4
2017-01-31,0.046656,0.02731,0.137693,0.0,33.4,1189.6
2017-02-01,0.101065,0.062161,0.287764,0.0,145.5,2195.2
2017-02-02,0.097264,0.048555,0.316377,0.0,125.8,2465.1
2017-02-03,0.178242,0.111536,0.500836,0.0,525.3,4184.4
2017-02-04,0.274054,0.274244,0.410416,0.0,1017.2,2691.9
2017-02-05,0.118662,0.072251,0.340431,0.0,374.3,4806.26
2017-02-06,0.140734,0.084361,0.408405,0.0,333.9,3624.1
2017-02-07,0.123288,0.073395,0.359561,0.0,346.1,4369.5
2017-02-08,0.117625,0.066925,0.353889,0.0,245.3,3420.0
2017-02-09,0.122324,0.070996,0.363134,0.0,276.7,3620.7
2017-02-10,0.078018,0.049104,0.218225,0.0,105.8,2048.8
2017-02-11,0.105774,0.068219,0.290104,0.0,511.3,6983.7
2017-02-12,0.098714,0.052921,0.308345,0.0,90.7,1623.18
2017-02-13,0.130867,0.068353,0.415102,0.0,105.5,1437.96
2017-02-14,0.118168,0.067404,0.354927,0.0,283.5,3922.5
2017-02-15,0.145511,0.093549,0.40013,0.0,282.3,2735.36
2017-02-16,0.134585,0.07476,0.411268,0.0,163.5,2023.5
2017-02-17,0.147075,0.098332,0.391215,0.0,245.7,2252.98
2017-02-18,0.173921,0.140723,0.377076,0.0,1177.6,7190.6
2017-02-19,0.140932,0.10032,0.353542,0.0,689.9,6187.1
2017-02-20,0.090311,0.05868,0.246173,0.0,117.7,1888.1
2017-02-21,0.137292,0.094053,0.357275,0.0,213.2,2053.6
2017-02-22,0.093892,0.061085,0.255661,0.0,106.6,1638.5
2017-02-23,0.118541,0.087178,0.28758,0.0,295.0,3088.88
2017-02-24,0.137004,0.107719,0.308002,0.0,303.1,2510.7
2017-02-25,0.149632,0.102926,0.38792,0.0,469.8,4094.66
2017-02-26,0.110826,0.077483,0.282939,0.0,265.0,3155.1
2017-02-27,0.135241,0.109333,0.293538,0.0,196.8,1603.2
2017-02-28,0.096222,0.052074,0.298852,0.0,71.8,1307.0
2017-03-01,0.141566,0.106153,0.336291,0.0,162.2,1365.78
2017-03-02,0.151999,0.109668,0.376158,0.0,481.2,3906.6
2017-03-03,0.099242,0.074732,0.234648,0.0,255.3,3160.9
2017-03-04,0.114869,0.078861,0.298333,0.0,482.8,5639.34
2017-03-05,0.129474,0.092424,0.323886,0.0,654.5,6426.96
2017-03-06,0.140188,0.099017,0.354379,0.0,344.2,3131.96
2017-03-07,0.127148,0.097141,0.295744,0.0,390.8,3632.2
2017-03-08,0.112934,0.087064,0.259947,0.0,290.6,3047.16
2017-03-09,0.209491,0.184535,0.401581,0.0,697.4,3081.82
2017-03-10,0.150766,0.101054,0.400142,0.0,425.0,3780.66
2017-03-11,0.169211,0.125553,0.40662,0.0,616.7,4295.16
2017-03-12,0.156775,0.107092,0.409055,0.0,676.8,5643.0
2017-03-13,0.170595,0.133532,0.385614,0.0,547.0,3549.4
2017-03-14,0.161705,0.113634,0.410809,0.0,405.6,3163.76
2017-03-15,0.111138,0.070953,0.307353,0.0,213.0,2788.98
2017-03-16,0.108648,0.073398,0.286348,0.0,230.9,2914.98
2017-03-17,0.129633,0.087263,0.342745,0.0,455.9,4768.56
2017-03-18,0.126487,0.087587,0.325879,0.0,516.3,5378.38
2017-03-19,0.149542,0.102602,0.388602,0.0,542.3,4743.16
2017-03-20,0.152466,0.108942,0.381031,0.0,295.2,2414.5
2017-03-21,0.112748,0.074116,0.304333,0.0,232.1,2899.46
2017-03-22,0.150429,0.117605,0.340528,0.0,397.3,2980.96
2017-03-23,0.112367,0.063813,0.338493,0.0,270.4,3967.0
2017-03-24,0.139741,0.090898,0.38056,0.0,304.8,3048.4
2017-03-25,0.113744,0.069771,0.324523,0.0,451.1,6014.36
2017-03-26,0.135236,0.090546,0.359269,0.0,549.2,5516.2
2017-03-27,0.099615,0.065475,0.268912,0.0,213.2,3043.0
2017-03-28,0.173814,0.117698,0.457127,0.0,381.0,2856.1
2017-03-29,0.140945,0.093476,0.377559,0.0,260.9,2530.2
2017-03-30,0.100385,0.061633,0.286209,0.0,194.1,2955.18
2017-03-31,0.137389,0.088878,0.375874,0.0,285.5,2926.78
2017-04-01,0.098948,0.063093,0.273914,0.0,216.2,3210.5
2017-04-02,0.110207,0.073838,0.292603,0.0,408.1,5118.88
2017-04-03,0.118191,0.07397,0.31977,0.024581,406.2,5085.22
2017-04-04,0.135512,0.08419,0.382896,0.0,322.8,3511.4
2017-04-05,0.145317,0.094522,0.395754,0.0,471.1,4512.9
2017-04-06,0.135314,0.097137,0.336589,0.0,442.8,4115.7
2017-04-07,0.137097,0.088198,0.376789,0.0,266.4,2754.06
2017-04-08,0.185277,0.135133,0.453422,0.0,860.85,5509.55
2017-04-09,0.115786,0.075531,0.31457,0.0,421.65,5160.85
2017-04-10,0.163264,0.098769,0.470627,0.0,399.6,3646.2
2017-04-11,0.182706,0.122947,0.483215,0.0,410.9,2931.2
2017-04-12,0.138904,0.082891,0.4044,0.0,423.6,4686.7
2017-04-13,0.145026,0.104118,0.360716,0.0,414.3,3564.85
2017-04-14,0.131319,0.088389,0.347231,0.0,335.0,3455.05
2017-04-15,0.202763,0.172247,0.384875,0.052152,3179.3,15278.47
2017-04-16,0.153209,0.116083,0.359755,0.0,1191.7,9074.23
2017-04-17,0.126287,0.081769,0.345244,0.0,651.7,7318.3
2017-04-18,0.115882,0.073806,0.321088,0.0,276.1,3464.78
2017-04-19,0.152466,0.118189,0.348668,0.0,437.8,3266.43
2017-04-20,0.114404,0.077145,0.30201,0.0,425.9,5094.86
2017-04-21,0.127413,0.086858,0.332675,0.000783,352.4,3704.82
2017-04-22,0.129621,0.082695,0.358096,0.001153,453.4,5029.38
2017-04-23,0.133515,0.086541,0.364679,0.0,599.0,6322.54
2017-04-24,0.130819,0.086338,0.351914,0.0,529.5,5603.36
2017-04-25,0.107764,0.07218,0.286189,0.0,328.7,4225.18
2017-04-26,0.16424,0.110147,0.435685,0.0,566.2,4574.18
2017-04-27,0.115831,0.07605,0.312979,0.0,334.64,4065.64
2017-04-28,0.089798,0.05645,0.251417,0.0,325.62,5442.68
2017-04-29,0.088712,0.057578,0.242037,0.0,424.62,6950.1
2017-04-30,0.087472,0.055219,0.244093,0.0,253.5,4337.28
2017-05-01,0.106092,0.080079,0.250185,0.0,462.9,5317.66
2017-05-02,0.06484,0.043075,0.173436,0.0,198.5,4409.7
2017-05-03,0.095735,0.061925,0.26091,0.002058,372.0,5635.28
2017-05-04,0.139124,0.097233,0.355305,0.0,559.8,5197.5
2017-05-05,0.134288,0.082575,0.351447,0.061955,566.15,6290.0
2017-05-06,0.139693,0.090549,0.339123,0.084845,771.8,7751.76
2017-05-07,0.13486,0.08635,0.364223,0.01571,919.82,9732.44
2017-05-08,0.126307,0.078702,0.354386,0.003379,513.2,6007.58
2017-05-09,0.127289,0.075387,0.372591,0.0,443.3,5437.06
2017-05-10,0.090696,0.054929,0.2577,0.00705,270.4,4652.3
2017-05-11,0.131577,0.085958,0.357029,0.0,477.6,5078.58
2017-05-12,0.129791,0.096995,0.309046,0.000851,731.72,6812.18
2017-05-13,0.130598,0.095777,0.309301,0.016938,1011.2,9546.68
2017-05-14,0.122614,0.088554,0.296553,0.013153,871.04,8965.2
2017-05-15,0.122765,0.086808,0.309058,0.001882,505.2,5314.54
2017-05-16,0.123435,0.082102,0.329105,0.00143,625.4,6992.0
2017-05-17,0.106784,0.069275,0.29125,0.000414,520.8,6997.08
2017-05-18,0.123338,0.082101,0.329338,0.0,357.3,3994.68
2017-05-19,0.143106,0.096513,0.374624,0.00622,558.2,5225.5
2017-05-20,0.138092,0.093154,0.364262,0.000319,804.3,7829.8
2017-05-21,0.138013,0.096429,0.347937,0.009254,749.6,7023.98
2017-05-22,0.131974,0.08973,0.345816,0.0,534.1,5418.2
2017-05-23,0.136873,0.095401,0.347179,0.006563,527.1,4998.0
2017-05-24,0.113221,0.075556,0.301659,0.0,327.7,4009.5
2017-05-25,0.149274,0.100446,0.376195,0.037231,1072.2,9602.2
2017-05-26,0.143301,0.104245,0.344428,0.014439,1309.7,11254.02
2017-05-27,0.14766,0.100209,0.354158,0.066826,1401.9,12587.88
2017-05-28,0.126558,0.0858,0.315375,0.034228,956.4,10190.4
2017-05-29,0.149641,0.099682,0.381349,0.035937,856.2,7733.08
2017-05-30,0.124628,0.084734,0.324869,0.003406,796.5,8603.48
2017-05-31,0.180001,0.122287,0.472003,0.0,663.5,4762.26
2017-06-01,0.121993,0.082919,0.318252,0.002994,604.0,6680.24
2017-06-02,0.128425,0.08513,0.336694,0.01495,638.0,6856.38
2017-06-03,0.152357,0.105776,0.374137,0.03486,805.9,6813.02
2017-06-04,0.157567,0.107871,0.392709,0.035159,1806.9,14943.64
2017-06-05,0.131644,0.093422,0.323587,0.015313,555.2,5387.74
2017-06-06,0.147473,0.096614,0.396382,0.005669,618.8,5786.08
2017-06-07,0.157706,0.101869,0.431664,0.000644,510.7,4502.58
2017-06-08,0.145998,0.097495,0.386712,0.00409,528.3,4890.46
2017-06-09,0.124205,0.088004,0.30771,0.010603,756.3,7837.58
2017-06-10,0.152946,0.106424,0.391264,0.001963,1389.6,11667.58
2017-06-11,0.149585,0.104038,0.381514,0.004555,1083.5,9330.98
2017-06-12,0.16765,0.101376,0.47629,0.014294,416.7,3693.76
2017-06-13,0.117513,0.073269,0.331124,0.0,405.5,5128.9
2017-06-14,0.123959,0.073514,0.362189,0.000612,376.0,4738.68
2017-06-15,0.166013,0.117013,0.420519,0.0,615.8,4646.88
2017-06-16,0.182315,0.129095,0.436246,0.046993,1417.62,9563.6
2017-06-17,0.160075,0.110734,0.403971,0.017666,1629.68,13087.38
2017-06-18,0.183275,0.130286,0.433778,0.053195,2106.29,14060.43
2017-06-19,0.155802,0.110703,0.383394,0.016311,512.1,4113.78
2017-06-20,0.150408,0.101601,0.392756,0.007363,655.86,5799.38
2017-06-21,0.163276,0.111546,0.423888,0.004166,753.5,6001.58
2017-06-22,0.163748,0.112019,0.425259,0.002829,686.7,5443.5
2017-06-23,0.140838,0.094087,0.374294,0.001182,439.5,4231.7
2017-06-24,0.164854,0.116248,0.416701,0.001405,936.4,7118.78
2017-06-25,0.130183,0.090287,0.333034,0.00375,1058.6,10666.18
2017-06-26,0.145099,0.099189,0.377794,0.001083,762.8,6927.58
2017-06-27,0.118656,0.083687,0.295142,0.010469,597.6,6543.3
2017-06-28,0.120427,0.084408,0.305162,0.003084,373.7,4053.58
2017-06-29,0.156515,0.111462,0.39246,0.0,639.4,5097.08
2017-06-30,0.132856,0.086234,0.36068,0.003563,516.5,5473.0
2017-07-01,0.14132,0.096424,0.366213,0.005809,1245.57,11672.13
2017-07-02,0.139528,0.100777,0.344718,0.000406,1379.7,12310.94
2017-07-03,0.128022,0.087397,0.333647,0.001147,417.4,4358.5
2017-07-04,0.121195,0.087301,0.29787,0.005106,749.36,7834.28
2017-07-05,0.130206,0.09436,0.316492,0.00855,548.36,5263.0
2017-07-06,0.096394,0.066032,0.247332,0.007052,421.06,5955.56
2017-07-07,0.128829,0.096813,0.289921,0.030756,891.5,8317.02
2017-07-08,0.112062,0.081802,0.268178,0.011646,989.1,11102.32
2017-07-09,0.105309,0.076183,0.25555,0.008705,1091.36,13234.12
2017-07-10,0.124505,0.089354,0.305672,0.008232,656.77,6693.46
2017-07-11,0.123237,0.089995,0.298169,0.006069,966.3,9770.98
2017-07-12,0.14801,0.110854,0.3498,0.004524,1193.36,9571.76
2017-07-13,0.125965,0.087853,0.301198,0.042288,722.68,7503.38
2017-07-14,0.133262,0.087796,0.339514,0.039014,955.45,9927.12
2017-07-15,0.111001,0.071471,0.283028,0.043657,911.18,11837.7
2017-07-16,0.141557,0.102295,0.326428,0.046642,1376.7,12081.38
2017-07-17,0.115133,0.082361,0.2844,0.006002,967.52,10779.8
2017-07-18,0.12968,0.09021,0.326173,0.012978,932.9,9408.5
2017-07-19,0.146452,0.104989,0.360216,0.00916,791.4,6746.5
2017-07-20,0.141583,0.092877,0.365974,0.033737,644.3,6292.8
2017-07-21,0.168669,0.115175,0.426879,0.026709,782.2,6009.2
2017-07-22,0.184449,0.137621,0.43199,0.017163,1987.0,12451.22
2017-07-23,0.149,0.10211,0.378211,0.018808,1589.6,13977.92
2017-07-24,0.143144,0.097546,0.365569,0.017482,781.5,7230.1
2017-07-25,0.130849,0.090292,0.33136,0.013729,878.35,8849.58
2017-07-26,0.159266,0.115973,0.385467,0.009918,952.35,7259.5
2017-07-27,0.180975,0.126654,0.459731,0.003713,976.5,6733.5
2017-07-28,0.155241,0.115408,0.364353,0.015855,988.24,7574.8
2017-07-29,0.168099,0.117424,0.415994,0.027032,1277.2,9599.66
2017-07-30,0.145651,0.102242,0.358675,0.023466,1663.7,14608.48
2017-07-31,0.153572,0.110679,0.37311,0.014745,645.7,5188.28
2017-08-01,0.143494,0.095137,0.358462,0.052055,674.2,6412.4
2017-08-02,0.164682,0.123665,0.385676,0.009815,1071.15,7590.56
2017-08-03,0.156539,0.123224,0.325359,0.052102,777.4,5531.42
2017-08-04,0.110949,0.078127,0.276897,0.008811,688.7,8126.48
2017-08-05,0.140968,0.097886,0.347568,0.029345,840.1,7742.36
2017-08-06,0.124522,0.085629,0.31629,0.013236,950.9,10153.98
2017-08-07,0.154111,0.110825,0.36079,0.043756,1339.65,10748.36
2017-08-08,0.225961,0.147752,0.50867,0.208006,3324.3,19174.9
2017-08-09,0.134097,0.093661,0.336891,0.011562,998.33,9660.68
2017-08-10,0.169737,0.11848,0.420518,0.026976,1226.65,9126.6
2017-08-11,0.139278,0.092927,0.36306,0.016166,884.65,8635.2
2017-08-12,0.14948,0.101286,0.369144,0.047511,1548.75,13742.08
2017-08-13,0.147318,0.105126,0.359536,0.018224,1292.44,11002.14
2017-08-14,0.120054,0.086824,0.296385,0.0,610.67,6422.83
2017-08-15,0.151574,0.105047,0.390206,0.0,942.63,8030.81
2017-08-16,0.127047,0.088927,0.32399,0.0,631.3,6468.1
2017-08-17,0.138356,0.092489,0.368067,0.0,737.02,7231.78
2017-08-18,0.144266,0.103461,0.350711,0.017014,714.13,6189.2
2017-08-19,0.197996,0.136627,0.50715,0.009275,2366.18,14954.88
2017-08-20,0.118983,0.079033,0.3149,0.006799,1066.45,12427.76
2017-08-21,0.143963,0.106693,0.344286,0.004209,837.2,7009.58
2017-08-22,0.126324,0.088528,0.321774,0.0,758.15,7805.8
2017-08-23,0.152336,0.106418,0.389216,0.0,978.0,8212.16
2017-08-24,0.131756,0.089637,0.341655,0.006785,798.1,8105.54
2017-08-25,0.084708,0.056892,0.224351,0.000129,467.8,7754.8
2017-08-26,0.155632,0.120707,0.341442,0.028491,2181.25,15889.36
2017-08-27,0.161006,0.118507,0.373655,0.033205,2401.3,17861.66
2017-08-28,0.155647,0.113794,0.367878,0.024157,1213.0,9446.6
2017-08-29,0.131667,0.092706,0.332291,0.003148,957.48,9370.7
2017-08-30,0.109395,0.077658,0.273342,0.003663,678.0,8052.56
2017-08-31,0.133763,0.089177,0.351357,0.010676,879.53,8983.18
2017-09-01,0.09766,0.066746,0.242442,0.024491,501.7,7014.86
2017-09-02,0.150937,0.111315,0.352289,0.025584,1312.6,10479.18
2017-09-03,0.156653,0.108421,0.376574,0.054439,1341.4,11030.78
2017-09-04,0.149568,0.110723,0.358429,0.003765,975.6,7835.58
2017-09-05,0.143577,0.103562,0.355419,0.0,801.0,6933.5
2017-09-06,0.129918,0.089284,0.334666,0.004855,783.5,7991.84
2017-09-07,0.169085,0.11834,0.374822,0.112822,801.5,5971.36
2017-09-08,0.181116,0.139913,0.369879,0.092007,817.9,5027.86
2017-09-09,0.17829,0.126485,0.400114,0.097277,1726.4,11922.6
2017-09-10,0.212767,0.153333,0.459572,0.13519,2496.1,13782.82
2017-09-11,0.147131,0.107991,0.333296,0.048778,860.0,7103.6
2017-09-12,0.176707,0.134714,0.37193,0.08022,1152.8,7404.62
2017-09-13,0.171641,0.124499,0.39543,0.054052,989.2,6956.22
2017-09-14,0.151412,0.102627,0.369619,0.056495,774.7,6774.0
2017-09-15,0.177792,0.120601,0.419258,0.095203,852.2,6214.08
2017-09-16,0.151849,0.106826,0.36766,0.035392,1336.2,11172.0
2017-09-17,0.159141,0.111472,0.37444,0.062225,2149.05,17129.84
2017-09-18,0.150473,0.099132,0.385516,0.039777,681.65,6194.56
2017-09-19,0.138322,0.089783,0.345794,0.063152,967.3,9806.43
2017-09-20,0.151198,0.100468,0.373022,0.062659,681.8,6104.47
2017-09-21,0.174915,0.127986,0.393459,0.066334,1968.98,13415.37
2017-09-22,0.183424,0.134364,0.416498,0.060694,1860.26,11984.68
2017-09-23,0.194627,0.133673,0.464558,0.081447,2635.56,17080.98
2017-09-24,0.135981,0.089426,0.324249,0.085326,1130.5,11511.2
2017-09-25,0.136457,0.094339,0.328164,0.047867,956.2,9179.56
2017-09-26,0.151908,0.105576,0.348165,0.083718,1427.0,12089.38
2017-09-27,0.129953,0.086243,0.321447,0.052934,980.3,10386.46
2017-09-28,0.18406,0.142214,0.419336,0.006426,1707.95,10301.76
2017-09-29,0.18867,0.134606,0.455063,0.03433,1757.5,11299.1
2017-09-30,0.162169,0.13045,0.343486,0.021562,1680.95,11204.82
2017-10-01,0.124695,0.089586,0.298058,0.023732,968.6,9843.4
2017-10-02,0.136098,0.093723,0.347864,0.0092,768.9,7435.1
2017-10-03,0.135563,0.089084,0.356552,0.018939,943.95,9652.18
2017-10-04,0.152439,0.10958,0.369229,0.018871,967.15,7858.8
2017-10-05,0.131205,0.08529,0.354676,0.005665,523.4,5613.3
2017-10-06,0.120153,0.079689,0.321856,0.0,485.6,5608.1
2017-10-07,0.132274,0.086044,0.349998,0.020433,837.65,8897.48
2017-10-08,0.125421,0.089242,0.313443,0.002625,1186.9,12112.88
2017-10-09,0.128548,0.096889,0.303628,0.0,966.2,9006.08
2017-10-10,0.137681,0.094792,0.356632,0.0,1052.58,10051.54
2017-10-11,0.153668,0.112618,0.374176,0.0,925.1,7289.36
2017-10-12,0.161781,0.117844,0.394628,0.003646,714.5,5348.58
2017-10-13,0.146698,0.103627,0.36907,0.003445,872.5,7547.08
2017-10-14,0.148458,0.108742,0.356435,0.010518,1030.1,8442.78
2017-10-15,0.167183,0.12997,0.355913,0.050214,3665.8,24539.16
2017-10-16,0.120173,0.08941,0.28784,0.000179,548.9,5590.26
2017-10-17,0.124385,0.093262,0.290303,0.010412,570.0,5541.8
2017-10-18,0.117369,0.091067,0.26746,0.001302,708.0,7066.48
2017-10-19,0.1118,0.078185,0.281122,0.008459,601.6,7093.0
2017-10-20,0.186676,0.129056,0.429366,0.104631,2963.0,19996.0
2017-10-21,0.173492,0.12302,0.396435,0.08091,1558.8,11112.3
2017-10-22,0.175683,0.127422,0.385943,0.092987,1840.4,12602.9
2017-10-23,0.110751,0.079451,0.271004,0.00935,648.0,7508.0
2017-10-24,0.171117,0.122597,0.402612,0.047768,792.7,5673.2
2017-10-25,0.181396,0.133,0.407407,0.068144,959.9,6257.38
2017-10-26,0.1652,0.12782,0.339534,0.078193,894.2,6101.6
2017-10-27,0.203487,0.161948,0.390204,0.12083,1273.2,6588.6
2017-10-28,0.175206,0.135382,0.35899,0.086412,2067.7,13205.4
2017-10-29,0.164985,0.12431,0.364538,0.050608,2132.08,15019.3
2017-10-30,0.152997,0.112535,0.366653,0.008922,788.8,6220.6
2017-10-31,0.138817,0.104551,0.326268,0.003777,797.6,6831.2
2017-11-01,0.156022,0.113514,0.38243,0.00077,648.9,5067.6
2017-11-02,0.105408,0.075152,0.258524,0.01097,492.6,6062.1
2017-11-03,0.094452,0.067185,0.237114,0.0,396.0,5498.2
2017-11-04,0.113738,0.086307,0.260336,0.012562,794.02,8405.98
2017-11-05,0.107289,0.07615,0.256225,0.027392,992.4,12039.8
2017-11-06,0.119229,0.083445,0.30409,0.0,541.6,5948.9
2017-11-07,0.11139,0.077556,0.282166,0.006673,598.5,7118.5
2017-11-08,0.102103,0.068826,0.265841,0.007562,460.4,6228.9
2017-11-09,0.109613,0.075793,0.268672,0.028241,773.9,9436.8
2017-11-10,0.162819,0.118999,0.354663,0.085868,1176.73,8711.85
2017-11-11,0.196425,0.137676,0.40653,0.187456,4626.37,28977.03
2017-11-12,0.12861,0.090536,0.302947,0.046455,1481.38,14880.94
2017-11-13,0.112959,0.078985,0.28835,0.0,484.6,5650.78
2017-11-14,0.139254,0.094578,0.365247,0.0,705.8,6756.8
2017-11-15,0.107512,0.082151,0.250033,0.0,546.4,6104.8
2017-11-16,0.119528,0.086229,0.285199,0.021282,615.0,6517.2
2017-11-17,0.121889,0.086999,0.29465,0.020596,698.6,7331.4
2017-11-18,0.140959,0.097598,0.344351,0.037708,1564.3,14463.74
2017-11-19,0.162505,0.114322,0.393445,0.037901,1567.3,12142.22
2017-11-20,0.129395,0.088991,0.328308,0.014393,798.8,8177.38
2017-11-21,0.133611,0.089424,0.344646,0.020852,722.0,7351.9
2017-11-22,0.12446,0.080218,0.334547,0.013977,632.7,7254.58
2017-11-23,0.123816,0.086242,0.312163,0.010146,732.1,7756.84
2017-11-24,0.139365,0.100493,0.329511,0.031179,1139.81,10202.4
2017-11-25,0.131858,0.092932,0.318499,0.031054,1236.2,12065.98
2017-11-26,0.130807,0.094207,0.314888,0.018845,1549.7,14900.22
2017-11-27,0.139959,0.094117,0.370388,0.0,872.0,8393.08
2017-11-28,0.132713,0.094594,0.331431,0.00211,990.2,9477.7
2017-11-29,0.101312,0.068807,0.265737,0.0,492.0,6658.46
2017-11-30,0.114979,0.076433,0.307377,0.0,406.5,4911.88
2017-12-01,0.159808,0.116844,0.374898,0.030371,1130.0,8540.98
2017-12-02,0.156807,0.115878,0.361769,0.033391,1861.3,14201.34
2017-12-03,0.153045,0.108104,0.360381,0.052955,2090.2,17244.8
2017-12-04,0.175714,0.128429,0.392791,0.072561,1069.8,7260.1
2017-12-05,0.15929,0.112093,0.374269,0.059707,1190.43,9429.59
2017-12-06,0.147441,0.105172,0.355497,0.027215,893.12,7598.88
2017-12-07,0.188592,0.133472,0.422099,0.107415,1083.8,7036.26
2017-12-08,0.176886,0.123568,0.404623,0.094633,1651.22,11711.58
2017-12-09,0.214323,0.145707,0.51017,0.102945,3408.16,19982.42
2017-12-10,0.188446,0.132958,0.432566,0.088623,2551.2,16636.76
2017-12-11,0.206056,0.137557,0.501954,0.09375,1310.0,8213.3
2017-12-12,0.237531,0.164728,0.53895,0.144312,5240.14,26570.68
2017-12-13,0.164181,0.113916,0.384954,0.074491,899.0,6992.78
2017-12-14,0.113987,0.075148,0.293582,0.026672,525.8,6471.1
2017-12-15,0.192608,0.135346,0.469738,0.039186,883.2,5642.3
2017-12-16,0.159068,0.103099,0.415797,0.037398,1272.2,11067.42
2017-12-17,0.169331,0.10817,0.452507,0.031103,1632.8,13461.9
2017-12-18,0.122623,0.081877,0.319593,0.013908,530.9,5953.2
2017-12-19,0.15365,0.103739,0.400788,0.008749,889.0,7680.62
2017-12-20,0.13493,0.082298,0.377283,0.018645,470.4,5245.4
2017-12-21,0.157539,0.108516,0.388063,0.039649,731.3,6007.78
2017-12-22,0.208697,0.144692,0.522351,0.029425,1155.6,6831.04
2017-12-23,0.195208,0.124496,0.519367,0.041874,2117.0,14887.56
2017-12-24,0.16318,0.101458,0.442827,0.035941,2217.4,19637.92
2017-12-25,0.153273,0.097053,0.418364,0.016633,613.9,5711.54
2017-12-26,0.207098,0.123774,0.582898,0.038767,1009.7,7147.9
2017-12-27,0.164346,0.114841,0.409268,0.02103,882.2,6799.7
2017-12-28,0.122251,0.077181,0.337674,0.006889,489.3,5850.32
2017-12-29,0.134478,0.083176,0.375812,0.010926,712.44,7853.02
2017-12-30,0.130178,0.081682,0.353151,0.023705,958.71,10778.35
2017-12-31,0.127584,0.084379,0.318761,0.047669,894.31,9704.43
2018-01-01,0.134308,0.099679,0.305193,0.034936,1539.84,13908.12
2018-01-02,0.174485,0.119501,0.418061,0.072215,1394.5,10274.81
2018-01-03,0.170596,0.117173,0.412604,0.06054,900.4,6783.98
2018-01-04,0.159304,0.11579,0.370392,0.041722,1240.4,9472.12
2018-01-05,0.251451,0.173789,0.558551,0.180886,2467.0,11728.39
2018-01-06,0.230497,0.164277,0.503248,0.148537,5580.12,28387.56
2018-01-07,0.234553,0.174323,0.477959,0.169353,3794.0,17970.17
2018-01-08,0.152313,0.100194,0.404157,0.013453,790.44,7098.63
2018-01-09,0.148229,0.100783,0.374179,0.028456,980.72,8750.3
2018-01-10,0.123427,0.087751,0.297293,0.025431,561.7,5839.36
2018-01-11,0.14706,0.098993,0.360162,0.057326,877.4,7985.86
2018-01-12,0.196546,0.136111,0.441786,0.129115,1562.2,9915.2
2018-01-13,0.259497,0.180628,0.53901,0.252552,3563.34,16164.2
2018-01-14,0.214895,0.146593,0.478718,0.165362,2665.5,15517.48
2018-01-15,0.194917,0.130718,0.454753,0.124634,1607.7,10691.3
2018-01-16,0.193407,0.129174,0.459306,0.111241,1184.24,7983.56
2018-01-17,0.177288,0.115801,0.441776,0.078721,1131.3,8638.08
2018-01-18,0.171055,0.117799,0.409983,0.065987,1085.44,8128.88
2018-01-19,0.236517,0.151403,0.580616,0.144123,1773.84,9942.2
2018-01-20,0.227082,0.133916,0.60091,0.131586,4099.1,26510.46
2018-01-21,0.20326,0.132346,0.498934,0.108306,3126.52,20497.26
2018-01-22,0.157082,0.100298,0.392467,0.083795,867.54,7782.06
2018-01-23,0.194475,0.127053,0.487695,0.079984,1445.74,9933.26
2018-01-24,0.147761,0.102694,0.323328,0.112097,1019.74,8910.14
2018-01-25,0.166805,0.106422,0.446937,0.029222,1287.98,10814.54
2018-01-26,0.201663,0.124295,0.509361,0.127844,1594.46,11233.56
2018-01-27,0.160618,0.100391,0.379926,0.143594,2243.62,20105.16
2018-01-28,0.189871,0.116815,0.478985,0.123039,2814.2,21276.84
2018-01-29,0.114559,0.074282,0.293424,0.03877,501.9,6254.78
2018-01-30,0.146431,0.094194,0.350845,0.103264,1006.66,9680.46
2018-01-31,0.116131,0.070806,0.308994,0.047681,716.78,9406.34
2018-02-01,0.177157,0.10974,0.443356,0.116675,1047.1,8494.52
2018-02-02,0.147555,0.095031,0.353236,0.103864,892.14,8495.74
2018-02-03,0.165254,0.100662,0.419038,0.109827,2219.38,19828.5
2018-02-04,0.184439,0.114059,0.482752,0.080474,2822.06,21920.1
2018-02-05,0.188678,0.121051,0.480004,0.079416,1385.1,10057.2
2018-02-06,0.162759,0.108103,0.400743,0.069384,1293.22,10669.64
2018-02-07,0.165323,0.101775,0.410745,0.119319,1451.2,12807.7
2018-02-08,0.172489,0.111321,0.422846,0.099956,1144.8,9139.02
2018-02-09,0.196072,0.132336,0.443177,0.148016,1754.0,11500.14
2018-02-10,0.201536,0.142556,0.431982,0.153504,3049.4,18341.5
2018-02-11,0.201814,0.141292,0.450367,0.128359,2744.12,16677.48
2018-02-12,0.181836,0.116262,0.468175,0.068174,1661.1,12626.48
2018-02-13,0.145658,0.091536,0.358577,0.098671,945.7,9385.7
2018-02-14,0.135508,0.087898,0.340378,0.059036,1183.24,12278.28
2018-02-15,0.122081,0.081365,0.31589,0.019471,570.9,6445.6
2018-02-16,0.107918,0.067688,0.278437,0.048486,257.1,3541.2
2018-02-17,0.182066,0.121087,0.445969,0.081109,582.1,4225.18
2018-02-18,0.110595,0.077134,0.280175,0.005658,292.5,3499.6
2018-02-19,0.16318,0.110694,0.373639,0.109661,800.22,6428.88
2018-02-20,0.117542,0.073143,0.310102,0.043213,461.3,5845.5
2018-02-21,0.133494,0.089396,0.322312,0.06454,904.9,9217.48
2018-02-22,0.159573,0.108187,0.386944,0.064535,1268.95,10460.29
2018-02-23,0.161231,0.123039,0.359379,0.032277,1424.67,10154.33
2018-02-24,0.178551,0.124846,0.415689,0.080218,2345.37,16440.79
2018-02-25,0.181671,0.123914,0.432157,0.084998,2444.64,17283.96
2018-02-26,0.143987,0.109309,0.331125,0.012453,697.74,5685.46
2018-02-27,0.119118,0.090379,0.260291,0.037949,673.66,6780.1
2018-02-28,0.131362,0.097627,0.293088,0.044056,831.26,7683.36
2018-03-01,0.179777,0.125215,0.425674,0.069915,1373.45,9595.25
2018-03-02,0.123077,0.091854,0.274874,0.038047,922.74,9122.96
2018-03-03,0.174389,0.130328,0.372899,0.085792,2202.95,14700.11
2018-03-04,0.169661,0.122327,0.386754,0.066821,2163.0,15519.18
2018-03-05,0.148782,0.104449,0.364709,0.027264,835.9,7167.08
2018-03-06,0.16453,0.122264,0.358896,0.071662,1092.4,7842.38
2018-03-07,0.173952,0.12544,0.402948,0.055551,921.0,6421.18
2018-03-08,0.173033,0.123486,0.386235,0.093458,2991.15,21231.53
2018-03-09,0.189239,0.130845,0.431221,0.114036,1009.9,6708.4
2018-03-10,0.173107,0.121965,0.380544,0.116228,2159.0,15542.76
2018-03-11,0.150068,0.105183,0.344553,0.075295,1677.3,14269.22
2018-03-12,0.133498,0.090546,0.314893,0.071374,813.8,8173.88
2018-03-13,0.171756,0.124372,0.375505,0.095948,1232.1,8674.46
2018-03-14,0.201976,0.134303,0.508974,0.061684,2228.6,14365.16
2018-03-15,0.17138,0.122972,0.386477,0.080046,1334.92,9520.56
2018-03-16,0.136787,0.09825,0.308323,0.063472,1002.24,9198.66
2018-03-17,0.20274,0.141567,0.473316,0.089797,3215.84,19500.22
2018-03-18,0.197367,0.136571,0.467682,0.082312,3233.96,20445.82
2018-03-19,0.210206,0.155996,0.456954,0.096182,1585.72,8579.38
2018-03-20,0.199129,0.139665,0.46927,0.075091,1222.38,7529.82
2018-03-21,0.184477,0.127374,0.430872,0.091403,1171.88,8028.42
2018-03-22,0.218536,0.156871,0.525678,0.035907,1532.2,8235.08
2018-03-23,0.190654,0.13825,0.46886,0.001077,1266.36,7893.58
2018-03-24,0.213938,0.156602,0.521375,0.000416,3792.32,20423.9
2018-03-25,0.17094,0.124855,0.41749,0.000433,2797.68,19609.7
2018-03-26,0.192597,0.146308,0.450387,0.001042,1397.4,8153.66
2018-03-27,0.176717,0.125658,0.443782,0.0,1184.5,8241.88
2018-03-28,0.133901,0.097679,0.327158,0.00094,979.3,9046.38
2018-03-29,0.143452,0.11211,0.324873,0.0,923.5,7313.94
2018-03-30,0.148302,0.115012,0.338553,0.000827,1335.7,10277.86
2018-03-31,0.177249,0.128183,0.437417,0.000378,3303.2,22466.22
2018-04-01,0.187786,0.13629,0.461565,0.000698,3845.2,24368.2
2018-04-02,0.165059,0.123675,0.391994,0.000872,1375.6,9747.08
2018-04-03,0.175408,0.126763,0.433017,0.000704,1753.1,12076.66
2018-04-04,0.150875,0.112924,0.359144,0.0,1317.0,10345.72
2018-04-05,0.159456,0.118699,0.381836,0.0,2013.6,14950.38
2018-04-06,0.198979,0.152205,0.462179,0.0,3023.6,16841.74
2018-04-07,0.184816,0.141715,0.427829,0.000493,2844.0,17224.42
2018-04-08,0.19392,0.150362,0.443332,0.0,2404.1,13584.62
2018-04-09,0.194325,0.145609,0.461995,0.0,3665.4,21507.58
2018-04-10,0.167989,0.126271,0.397688,0.000614,1999.5,13835.48
2018-04-11,0.182611,0.133427,0.444981,0.002163,1815.1,11788.6
2018-04-12,0.17157,0.128885,0.406752,0.0,2064.4,13952.98
2018-04-13,0.222883,0.175631,0.499351,0.000711,2548.07,11960.04
2018-04-14,0.228364,0.176661,0.523509,0.0,2927.57,13644.15
2018-04-15,0.266117,0.209317,0.597598,0.000754,11934.78,45083.0
2018-04-16,0.220731,0.165659,0.523845,0.0,4155.5,20929.1
2018-04-17,0.191575,0.143842,0.454427,0.0,1928.4,11477.98
2018-04-18,0.205856,0.163616,0.456625,0.0,2086.4,10665.42
2018-04-19,0.152569,0.112289,0.369833,0.0,1569.88,12410.8
2018-04-20,0.181773,0.142732,0.409304,0.0,2236.62,13433.48
2018-04-21,0.218705,0.183343,0.451825,0.0,4401.14,19603.76
2018-04-22,0.192118,0.150522,0.433763,0.0,4283.34,24173.22
2018-04-23,0.176653,0.154229,0.343461,0.0,2070.96,11356.86
2018-04-24,0.167834,0.121803,0.412864,0.0,2259.29,16289.5
2018-04-25,0.148901,0.106848,0.370538,0.0,1543.48,12902.1
2018-04-26,0.159164,0.106599,0.422724,0.0,1581.46,13254.14
2018-04-27,0.158764,0.119703,0.374858,0.0,1708.61,12565.08
2018-04-28,0.188167,0.141607,0.445212,0.0,2675.43,16217.9
2018-04-29,0.152612,0.114056,0.363863,0.0,3140.82,24396.76
2018-04-30,0.146773,0.112343,0.340664,0.0,2358.04,18631.54
2018-05-01,0.163456,0.122295,0.38925,0.0,2012.1,14440.78
2018-05-02,0.158104,0.121265,0.366091,0.0,2118.9,15354.4
2018-05-03,0.135902,0.097898,0.336869,0.0,1583.71,14593.43
2018-05-04,0.097363,0.072633,0.232599,0.0,1113.71,14219.7
2018-05-05,0.088219,0.063003,0.220583,0.0,1411.82,20997.04
2018-05-06,0.107515,0.077836,0.265148,0.0,1714.48,20312.4
2018-05-07,0.078081,0.058827,0.184512,0.0,962.15,15393.54
2018-05-08,0.084992,0.060897,0.211821,0.0,1011.83,15603.71
2018-05-09,0.082764,0.062607,0.194695,0.0,932.62,13963.86
2018-05-10,0.136717,0.103542,0.321189,0.0,1731.39,14990.26
2018-05-11,0.139319,0.10804,0.318453,0.0,1716.27,14169.2
2018-05-12,0.092841,0.073385,0.207359,0.0,1984.8,25061.52
2018-05-13,0.092148,0.069098,0.218898,0.0,1906.87,25689.74
2018-05-14,0.07808,0.057199,0.190206,0.0,857.39,14132.28
2018-05-15,0.090696,0.065018,0.225917,0.0,1060.02,15243.5
2018-05-16,0.111296,0.086499,0.253734,0.0,1189.26,12559.62
2018-05-17,0.102772,0.079379,0.236032,0.0,1034.69,12000.06
2018-05-18,0.092424,0.068002,0.224113,0.0,1040.13,14255.34
2018-05-19,0.12633,0.08901,0.320116,0.0,1887.38,19316.77
2018-05-20,0.124358,0.084985,0.324344,0.0,3749.2,40366.67
2018-05-21,0.089823,0.072497,0.195377,0.0,1304.17,16685.24
2018-05-22,0.106127,0.083224,0.239351,0.0,1426.74,15716.72
2018-05-23,0.12078,0.101847,0.247434,0.0,1358.27,11978.08
2018-05-24,0.135366,0.115883,0.271239,0.0,1775.4,13545.18
2018-05-25,0.111136,0.083339,0.263993,0.0,928.85,10216.56
2018-05-26,0.115827,0.085315,0.280533,0.0,1109.06,11890.58
2018-05-27,0.122113,0.089265,0.298138,0.0,1623.99,16568.92
2018-05-28,0.128217,0.092045,0.318925,0.0,1373.13,13544.86
2018-05-29,0.126615,0.091038,0.314442,0.0,1367.11,13649.84
2018-05-30,0.098766,0.071632,0.243121,0.0,759.88,9848.28
2018-05-31,0.087972,0.060062,0.229642,0.0,776.74,12155.52
2018-06-01,0.140203,0.107574,0.324507,0.0,1179.2,9782.6
2018-06-02,0.11836,0.085739,0.291713,0.0,1683.81,17954.98
2018-06-03,0.127752,0.103125,0.277824,0.0,2043.97,17776.38
2018-06-04,0.103811,0.078304,0.244992,0.0,1017.12,11972.3
2018-06-05,0.120849,0.088216,0.295485,0.0,1534.24,15857.52
2018-06-06,0.112197,0.085652,0.261204,0.0,1417.81,15135.24
2018-06-07,0.101478,0.08082,0.224521,0.0,1475.83,16784.92
2018-06-08,0.119732,0.094548,0.267741,0.0,1941.13,18589.48
2018-06-09,0.113243,0.088224,0.25743,0.0,2717.14,28080.9
2018-06-10,0.103845,0.078833,0.243312,0.0,2956.33,34545.0
2018-06-11,0.090263,0.068672,0.210961,0.0,1192.67,16174.92
2018-06-12,0.123358,0.099653,0.268004,0.0,1709.68,15446.66
2018-06-13,0.105671,0.082542,0.239457,0.0,1421.45,15799.52
2018-06-14,0.126303,0.100006,0.281495,0.0,1682.52,15141.7
2018-06-15,0.153302,0.124173,0.331905,0.0,2668.58,18822.3
2018-06-16,0.124104,0.09743,0.279515,0.0,2476.35,22940.36
2018-06-17,0.159973,0.118102,0.386506,0.0,4375.71,32674.44
2018-06-18,0.153747,0.114126,0.369293,0.0,10246.55,79536.48
2018-06-19,0.105697,0.070601,0.281384,0.0,1177.22,15497.13
2018-06-20,0.118231,0.085891,0.290535,0.0,1130.6,12032.54
2018-06-21,0.094509,0.066541,0.239652,0.0,929.33,13036.94
2018-06-22,0.097811,0.068519,0.249239,0.0,862.25,11721.86
2018-06-23,0.133856,0.103066,0.308552,0.0,1865.4,16233.73
2018-06-24,0.098792,0.072071,0.241712,0.0,1447.37,18635.32
2018-06-25,0.077462,0.051529,0.206958,0.0,482.12,8874.21
2018-06-26,0.121681,0.086984,0.303961,0.0,988.5,10375.66
2018-06-27,0.085576,0.058136,0.224406,0.0,737.9,11954.83
2018-06-28,0.113744,0.081697,0.282784,0.0,1094.64,12304.21
2018-06-29,0.120442,0.077596,0.330625,0.0,628.8,7474.76
2018-06-30,0.133545,0.088239,0.358889,0.0,1648.88,17037.58
2018-07-01,0.120435,0.083526,0.309834,0.0,2037.09,22351.48
2018-07-02,0.071157,0.044598,0.199695,0.0,371.66,7961.96
2018-07-03,0.104855,0.068502,0.284519,0.0,1194.63,16244.63
2018-07-04,0.101514,0.065411,0.278632,0.0,632.7,9039.94
2018-07-05,0.108446,0.079429,0.26423,0.0,868.08,10060.97
2018-07-06,0.133918,0.107765,0.29241,0.0,2025.1,16766.64
2018-07-07,0.127536,0.096821,0.298804,0.0,3873.51,36133.39
2018-07-08,0.116322,0.083183,0.290471,0.0,1208.34,13318.03
2018-07-09,0.118507,0.082048,0.305369,0.0,1439.84,16108.86
2018-07-10,0.118468,0.079853,0.312857,0.0,1837.16,21169.64
2018-07-11,0.118768,0.085348,0.295123,0.0,1349.39,14461.14
2018-07-12,0.144555,0.106434,0.350256,0.0,2580.66,21665.84
2018-07-13,0.193296,0.155725,0.421445,0.0,4518.02,24494.86
2018-07-14,0.186746,0.148799,0.412932,0.0,5191.22,29696.13
2018-07-15,0.173694,0.139912,0.378781,0.0,4793.99,29470.37
2018-07-16,0.150073,0.110318,0.36425,0.0,1718.92,13862.52
2018-07-17,0.171138,0.129104,0.403826,0.0,3363.07,22686.2
2018-07-18,0.14999,0.106751,0.376324,0.0,2426.77,20306.32
2018-07-19,0.143738,0.106978,0.344263,0.0,2097.16,17506.42
2018-07-20,0.16039,0.121468,0.376813,0.0,2967.14,21460.14
2018-07-21,0.203258,0.163999,0.442293,0.0,8427.07,42957.82
2018-07-22,0.15035,0.110281,0.365769,0.0,3757.77,30316.86
2018-07-23,0.12879,0.095382,0.310113,0.0,1627.95,15439.8
2018-07-24,0.15682,0.117159,0.37404,0.0,3063.27,23082.9
2018-07-25,0.151241,0.116189,0.349544,0.0,1918.66,14594.62
2018-07-26,0.150163,0.109863,0.366293,0.0,2134.74,17296.14
2018-07-27,0.161665,0.126374,0.366013,0.0,2775.98,19190.36
2018-07-28,0.179383,0.139825,0.407528,0.0,5847.29,35971.2
2018-07-29,0.183437,0.145111,0.409294,0.0,5680.46,33465.04
2018-07-30,0.114865,0.082561,0.285363,0.0,1080.46,12006.34
2018-07-31,0.1813,0.140125,0.416062,0.0,5183.61,31809.26
2018-08-01,0.130278,0.09398,0.322462,0.0,1590.42,15332.58
2018-08-02,0.157998,0.114942,0.387691,0.0,2444.56,18823.12
2018-08-03,0.173551,0.135799,0.392458,0.0,2774.87,17658.86
2018-08-04,0.182917,0.136931,0.435328,0.0,5609.71,35357.74
2018-08-05,0.194986,0.153658,0.437129,0.0,5789.01,31885.74
2018-08-06,0.161284,0.118084,0.393125,0.0,2672.76,19961.72
2018-08-07,0.179972,0.129923,0.445129,0.0,3909.53,26181.58
2018-08-08,0.162016,0.123175,0.378968,0.0,19635.12,139772.6
2018-08-09,0.179581,0.12924,0.445565,0.0,3059.75,20615.2
2018-08-10,0.141423,0.098494,0.362387,0.0,2325.58,21285.9
2018-08-11,0.161713,0.117587,0.397012,0.0,4162.65,31237.88
2018-08-12,0.179257,0.129528,0.442936,0.0,4630.09,31115.78
2018-08-13,0.148888,0.105896,0.373805,0.0,1964.9,16590.18
2018-08-14,0.181512,0.130837,0.449627,0.0,3523.85,23409.2
2018-08-15,0.142809,0.099848,0.364576,0.0,2110.06,19022.6
2018-08-16,0.165847,0.120425,0.407748,0.0,2520.2,18407.42
2018-08-17,0.156698,0.117145,0.373482,0.0,2516.92,18968.61
2018-08-18,0.173019,0.126269,0.423155,0.0,4534.4,31376.22
2018-08-19,0.161845,0.120121,0.388801,0.0,4980.54,36482.3
2018-08-20,0.150069,0.111248,0.360976,0.0,2119.07,16929.14
2018-08-21,0.199904,0.151919,0.467806,0.0,3654.33,20400.16
2018-08-22,0.164302,0.124102,0.387151,0.0,2499.27,17639.52
2018-08-23,0.15497,0.108096,0.396513,0.0,1994.52,16456.78
2018-08-24,0.18543,0.137873,0.444594,0.0,3097.92,19371.44
2018-08-25,0.18995,0.141186,0.455597,0.0,7146.72,43472.36
2018-08-26,0.182359,0.140812,0.418953,0.0,5961.47,36374.78
2018-08-27,0.165649,0.125341,0.389552,0.0,2689.99,18771.46
2018-08-28,0.163394,0.120327,0.395825,0.0,3256.73,23808.9
2018-08-29,0.171436,0.127269,0.411741,0.0,2889.4,19813.74
2018-08-30,0.152949,0.115541,0.360351,0.0,2677.28,20494.34
2018-08-31,0.158495,0.124792,0.3557,0.0,3826.46,26836.12
2018-09-01,0.155871,0.118254,0.365464,0.0,5239.29,39065.96
2018-09-02,0.1573,0.121236,0.362173,0.0,4536.61,32883.08
2018-09-03,0.150518,0.11249,0.358877,0.0,2581.32,20365.78
2018-09-04,0.190587,0.149955,0.428092,0.0,4654.42,26384.4
2018-09-05,0.146155,0.102674,0.371415,0.0,1710.57,14949.58
2018-09-06,0.127542,0.090427,0.321217,0.0,1677.83,16876.68
2018-09-07,0.170627,0.134048,0.383965,0.0,2366.19,15285.57
2018-09-08,0.185773,0.145724,0.418831,0.0,7608.61,44603.81
2018-09-09,0.172675,0.135427,0.38938,0.0,4808.86,30699.94
2018-09-10,0.158347,0.117317,0.381126,0.0,2197.68,16535.14
2018-09-11,0.183465,0.13896,0.430966,0.0,4095.24,25375.48
2018-09-12,0.156563,0.115127,0.379869,0.0,2566.59,19726.9
2018-09-13,0.160483,0.11348,0.405233,0.0,2125.38,16603.68
2018-09-14,0.173542,0.135977,0.391793,0.0,3270.32,20780.28
2018-09-15,0.163525,0.12842,0.368154,0.0,5362.16,36392.78
2018-09-16,0.162042,0.122225,0.382421,0.0,6436.05,46221.14
2018-09-17,0.179678,0.134066,0.429158,0.0,2301.33,14864.28
2018-09-18,0.174018,0.139,0.383591,0.0,3304.01,20465.78
2018-09-19,0.146273,0.117228,0.321067,0.0,2234.39,16825.82
2018-09-20,0.121784,0.091543,0.288518,0.0,1656.37,16437.52
2018-09-21,0.166522,0.130844,0.374658,0.0,2296.27,15253.42
2018-09-22,0.183592,0.144142,0.413465,0.0,7358.07,43689.44
2018-09-23,0.179219,0.138222,0.412316,0.0,5429.09,33848.82
2018-09-24,0.149813,0.117261,0.338651,0.0,3922.98,29532.08
2018-09-25,0.190319,0.143429,0.449593,0.0,4122.06,24617.4
2018-09-26,0.171247,0.121339,0.43155,0.0,3182.8,23047.92
2018-09-27,0.156162,0.11109,0.391996,0.0,2659.52,21280.76
2018-09-28,0.14267,0.109879,0.328774,0.0,2966.96,24035.0
2018-09-29,0.161703,0.121961,0.38165,0.0,3837.18,27625.18
2018-09-30,0.166879,0.12113,0.41044,0.0,3807.76,27627.64
2018-10-01,0.145422,0.103527,0.364765,0.0,2178.54,18864.68
2018-10-02,0.159333,0.114852,0.394682,0.0,2424.72,18686.92
2018-10-03,0.158541,0.112812,0.397863,0.0,1701.66,13382.34
2018-10-04,0.162406,0.120626,0.389837,0.0,2516.0,18341.9
2018-10-05,0.194995,0.140767,0.482291,0.0,4424.7,27008.2
2018-10-06,0.166525,0.120997,0.409138,0.0,3580.32,26009.86
2018-10-07,0.180871,0.130626,0.447166,0.0,6642.64,44209.7
2018-10-08,0.175709,0.12966,0.424736,0.0,5649.42,37921.56
2018-10-09,0.164119,0.122858,0.390595,0.0,1767.98,12622.48
2018-10-10,0.146138,0.096089,0.394379,0.0,1950.75,18350.68
2018-10-11,0.124949,0.088343,0.315545,0.0,1173.04,12105.28
2018-10-12,0.177649,0.129938,0.433463,0.0,1862.52,12471.38
2018-10-13,0.158504,0.11754,0.381133,0.0,5279.85,39639.85
2018-10-14,0.178621,0.133168,0.427017,0.0,4827.79,31425.69
2018-10-15,0.190491,0.144014,0.448408,0.0,2372.11,14099.31
2018-10-16,0.203704,0.153172,0.48242,0.0,3588.3,19838.36
2018-10-17,0.183762,0.138328,0.434662,0.0,2533.52,15781.75
2018-10-18,0.199147,0.151996,0.463746,0.0,2923.63,16311.25
2018-10-19,0.204562,0.155976,0.476895,0.0,5499.82,29760.93
2018-10-20,0.224637,0.167056,0.538492,0.0,19603.92,97745.82
2018-10-21,0.210205,0.156969,0.501636,0.0,6276.12,33707.1
2018-10-22,0.110149,0.082804,0.260931,0.0,1995.95,22108.42
2018-10-23,0.155578,0.121941,0.351096,0.0,2900.18,20883.2
2018-10-24,0.149609,0.113274,0.351586,0.0,2564.8,20077.72
2018-10-25,0.168206,0.128718,0.390517,0.0,2250.44,15233.1
2018-10-26,0.149714,0.111075,0.359805,0.0,2304.24,18440.64
2018-10-27,0.139255,0.108688,0.315867,0.0,4647.2,38109.98
2018-10-28,0.149658,0.114976,0.345873,0.0,3728.28,28698.26
2018-10-29,0.131721,0.105361,0.289842,0.0,2155.14,18299.74
2018-10-30,0.152355,0.116195,0.355093,0.0,3766.18,28646.46
2018-10-31,0.125997,0.09897,0.283589,0.0,2306.72,21000.54
2018-11-01,0.13014,0.09739,0.309835,0.0,1617.2,14988.16
2018-11-02,0.138334,0.111408,0.301742,0.0,2202.46,17566.88
2018-11-03,0.140706,0.104986,0.336081,0.0,3729.03,31790.33
2018-11-04,0.126716,0.097249,0.29321,0.0,3159.71,29331.19
2018-11-05,0.104804,0.08099,0.240556,0.0,1558.83,17688.41
2018-11-06,0.132866,0.10343,0.302326,0.0,2421.01,20986.33
2018-11-07,0.126305,0.095685,0.296627,0.0,2462.97,23277.51
2018-11-08,0.145835,0.113553,0.331741,0.0,2307.71,18015.03
2018-11-09,0.187253,0.150198,0.410573,0.0,3891.2,22015.94
2018-11-10,0.176361,0.137038,0.402172,0.0,7688.81,48418.47
2018-11-11,0.152699,0.120562,0.34153,0.0,19343.02,141097.88
2018-11-12,0.156657,0.122928,0.353039,0.0,4019.03,28675.15
2018-11-13,0.169025,0.129173,0.39302,0.0,2685.53,18104.71
2018-11-14,0.123548,0.095003,0.285227,0.0,1864.35,17759.69
2018-11-15,0.134685,0.10262,0.314255,0.0,2227.6,19479.72
2018-11-16,0.15434,0.118967,0.355314,0.0,2362.82,17498.25
2018-11-17,0.15809,0.117392,0.379577,0.0,4749.07,35705.58
2018-11-18,0.172777,0.125255,0.425491,0.0,4386.66,30635.04
2018-11-19,0.159429,0.117758,0.384993,0.0,2264.24,16963.59
2018-11-20,0.174021,0.129205,0.417889,0.0,3543.42,23881.4
2018-11-21,0.186675,0.140948,0.440057,0.0,2956.7,18020.6
2018-11-22,0.179534,0.1269,0.45352,0.0,2779.04,19120.36
2018-11-23,0.18345,0.128783,0.466511,0.0,2766.36,18714.45
2018-11-24,0.188687,0.135786,0.468185,0.0,8685.34,55278.05
2018-11-25,0.200158,0.142519,0.501976,0.0,5656.78,34034.68
2018-11-26,0.180016,0.134026,0.43099,0.0,2365.19,15282.08
2018-11-27,0.181417,0.132247,0.44422,0.0,3568.64,23416.03
2018-11-28,0.172115,0.127444,0.414521,0.0,4691.58,32121.38
2018-11-29,0.172949,0.127983,0.416807,0.0,3248.98,22137.1
2018-11-30,0.188271,0.135945,0.465547,0.0,4017.88,25537.28
2018-12-01,0.176683,0.124735,0.44684,0.0,4778.0,33527.06
2018-12-02,0.18421,0.131085,0.462249,0.0,4439.76,29429.48
2018-12-03,0.147742,0.107809,0.36138,0.0,1650.58,13659.68
2018-12-04,0.163872,0.120775,0.396649,0.0,3103.82,22595.4
2018-12-05,0.184902,0.134884,0.452417,0.0,2842.72,18232.54
2018-12-06,0.16742,0.129958,0.38225,0.0,2874.33,19243.09
2018-12-07,0.154575,0.11779,0.36061,0.0,2680.9,20079.06
2018-12-08,0.162329,0.122091,0.384328,0.0,7046.14,50666.01
2018-12-09,0.162334,0.122868,0.381632,0.0,7730.71,55188.0
2018-12-10,0.152494,0.118283,0.348478,0.0,3030.73,22591.89
2018-12-11,0.21277,0.160785,0.501103,0.0,7582.65,39577.6
2018-12-12,0.198129,0.151285,0.461147,0.0,21248.12,119203.18
2018-12-13,0.158974,0.119791,0.375598,0.0,4262.18,31317.88
2018-12-14,0.194092,0.139126,0.483522,0.0,2349.94,14540.82
2018-12-15,0.199461,0.143139,0.496322,0.0,5562.4,33297.77
2018-12-16,0.192616,0.137147,0.483067,0.0,4610.97,29009.75
