Date,Contest number,Word,Number of reported results,Number in hard mode,1 try,2 tries,3 tries,4 tries,5 tries,6 tries,7 or more tries (X),hard_mode_rate,expected_attempts,days_since_start,days_since_start_sq,contest_number,weekday,is_weekend,unique_letters,repeated_letters,max_letter_count,vowel_count,repeated_vowel_count,rare_letter_count,word_entropy,letter_frequency_score
2022-01-07,202,SLUMP,80630,1362,1.0,3.0,23.0,39.0,24.0,9.0,1.0,0.01689197569142999,4.13,0.0,0.0,202.0,4.0,0.0,5.0,0.0,1.0,1.0,0.0,0.0,2.321928094887362,0.04256267409470752
2022-01-08,203,CRANK,101503,1763,1.0,5.0,23.0,31.0,24.0,14.000000000000002,2.0,0.017368944760253392,4.22,1.0,1.0,203.0,5.0,1.0,5.0,0.0,1.0,1.0,0.0,1.0,2.321928094887362,0.05415041782729805
2022-01-09,204,GORGE,91477,1913,1.0,3.0,13.0,27.0,30.0,22.0,4.0,0.020912360484056102,4.64,2.0,4.0,204.0,6.0,1.0,4.0,1.0,2.0,2.0,0.0,0.0,1.9219280948873623,0.061615598885793876
2022-01-10,205,QUERY,107134,2242,1.0,4.0,16.0,30.0,30.0,17.0,2.0,0.02092706330389979,4.43,3.0,9.0,205.0,0.0,0.0,5.0,0.0,1.0,2.0,0.0,1.0,2.321928094887362,0.04991643454038998
2022-01-11,206,DRINK,153880,3017,0.9900990099009901,8.91089108910891,34.65346534653465,33.663366336633665,15.841584158415841,4.9504950495049505,0.9900990099009901,0.019606186638939434,3.732673267326733,4.0,16.0,206.0,1.0,0.0,5.0,0.0,1.0,1.0,0.0,1.0,2.321928094887362,0.045905292479108635
2022-01-12,207,FAVOR ,137586,3073,1.0,4.0,15.0,26.0,28.999999999999996,21.0,4.0,0.022335121305946826,4.57,5.0,25.0,207.0,2.0,0.0,5.0,0.0,1.0,2.0,0.0,1.0,2.321928094887362,0.05381615598885794
2022-01-13,208,ABBEY,132726,3345,1.0101010101010102,2.0202020202020203,13.131313131313133,29.292929292929294,31.313131313131315,20.2020202020202,3.0303030303030303,0.025202296460377017,4.606060606060606,6.0,36.0,208.0,3.0,0.0,4.0,1.0,2.0,2.0,0.0,0.0,1.9219280948873623,0.05181058495821726
2022-01-14,209,TANGY,169484,3985,1.0,4.0,21.0,30.0,24.0,15.0,5.0,0.02351254395695169,4.37,7.0,49.0,209.0,4.0,0.0,5.0,0.0,1.0,1.0,0.0,0.0,2.321928094887362,0.0543732590529248
2022-01-15,210,PANIC,205880,4655,0.9900990099009901,8.91089108910891,34.65346534653465,33.663366336633665,15.841584158415841,4.9504950495049505,0.9900990099009901,0.022610258402953175,3.732673267326733,8.0,64.0,210.0,5.0,1.0,5.0,0.0,1.0,2.0,0.0,0.0,2.321928094887362,0.05370473537604457
2022-01-16,211,SOLAR,209609,4955,1.0,9.0,32.0,32.0,18.0,7.000000000000001,1.0,0.023639252131349323,3.82,9.0,81.0,211.0,6.0,1.0,5.0,0.0,1.0,2.0,0.0,0.0,2.321928094887362,0.06952646239554318
2022-01-17,212,SHIRE,222197,5640,0.9900990099009901,7.920792079207921,31.683168316831683,31.683168316831683,17.82178217821782,7.920792079207921,1.9801980198019802,0.025382880956988617,3.8910891089108905,10.0,100.0,212.0,0.0,0.0,5.0,0.0,1.0,2.0,0.0,0.0,2.321928094887362,0.0641782729805014
2022-01-18,213,PROXY,220950,6206,0.9900990099009901,1.9801980198019802,10.891089108910892,23.762376237623762,30.693069306930692,25.742574257425744,5.9405940594059405,0.028087802670287397,4.821782178217822,11.0,121.0,213.0,1.0,0.0,5.0,0.0,1.0,1.0,0.0,1.0,2.321928094887362,0.044568245125348196
2022-01-19,214,POINT,280622,7094,1.0101010101010102,16.161616161616163,37.37373737373738,28.28282828282828,12.121212121212121,4.040404040404041,1.0101010101010102,0.02527955755429011,3.5050505050505047,12.0,144.0,214.0,2.0,0.0,5.0,0.0,1.0,2.0,0.0,0.0,2.321928094887362,0.05749303621169917
2022-01-20,215,ROBOT,243964,6589,0.9900990099009901,7.920792079207921,28.71287128712871,33.663366336633665,19.801980198019802,7.920792079207921,0.9900990099009901,0.027008083159810462,3.91089108910891,13.0,169.0,215.0,3.0,0.0,4.0,1.0,2.0,2.0,1.0,0.0,1.9219280948873623,0.06250696378830084
2022-01-21,216,PRICK,273727,7409,1.0101010101010102,8.080808080808081,30.303030303030305,33.33333333333333,19.19191919191919,7.07070707070707,1.0101010101010102,0.027067114314627348,3.8686868686868685,14.0,196.0,216.0,4.0,0.0,5.0,0.0,1.0,1.0,0.0,1.0,2.321928094887362,0.04512534818941505
2022-01-22,217,WINCE,241489,6850,0.9900990099009901,2.9702970297029703,16.831683168316832,32.67326732673268,28.71287128712871,14.85148514851485,2.9702970297029703,0.02836568125256223,4.415841584158415,15.0,225.0,217.0,5.0,1.0,5.0,0.0,1.0,2.0,0.0,0.0,2.321928094887362,0.0528133704735376
2022-01-23,218,CRIMP,269929,7630,1.0,5.0,28.000000000000004,38.0,20.0,7.000000000000001,1.0,0.02826669235243342,3.96,16.0,256.0,218.0,6.0,1.0,5.0,0.0,1.0,1.0,0.0,0.0,2.321928094887362,0.04735376044568245
2022-01-24,219,KNOLL,258038,8317,1.0,1.0,11.0,28.999999999999996,33.0,21.0,4.0,0.032231686805819296,4.71,17.0,289.0,219.0,0.0,0.0,4.0,1.0,2.0,1.0,0.0,1.0,1.9219280948873623,0.05348189415041783
2022-01-25,220,SUGAR,276404,8708,1.0101010101010102,6.0606060606060606,25.252525252525253,34.34343434343434,23.232323232323232,9.090909090909092,1.0101010101010102,0.03150460919523596,4.040404040404041,18.0,324.0,220.0,1.0,0.0,5.0,0.0,1.0,2.0,0.0,0.0,2.321928094887362,0.05504178272980501
2022-01-26,221,WHACK,302348,10163,1.0,4.0,22.0,37.0,24.0,10.0,2.0,0.03361358434651461,4.17,19.0,361.0,221.0,2.0,0.0,5.0,0.0,1.0,1.0,0.0,1.0,2.321928094887362,0.04055710306406686
2022-01-27,222,MOUNT,331844,11451,1.0101010101010102,9.090909090909092,29.292929292929294,33.33333333333333,19.19191919191919,7.07070707070707,1.0101010101010102,0.03450717807162402,3.858585858585858,20.0,400.0,222.0,3.0,0.0,5.0,0.0,1.0,2.0,0.0,0.0,2.321928094887362,0.05236768802228412
2022-01-28,223,PERKY,296968,11148,1.0,4.0,17.0,30.0,27.0,17.0,4.0,0.037539398184316154,4.45,21.0,441.0,223.0,4.0,0.0,5.0,0.0,1.0,1.0,0.0,1.0,2.321928094887362,0.053259052924791085
2022-01-29,224,COULD,313220,11592,0.9900990099009901,6.9306930693069315,28.71287128712871,34.65346534653465,19.801980198019802,7.920792079207921,0.9900990099009901,0.037009130962262944,3.9306930693069306,22.0,484.0,224.0,5.0,1.0,5.0,0.0,1.0,2.0,0.0,0.0,2.321928094887362,0.048356545961002785
2022-01-30,225,WRUNG,294687,11524,0.0,2.0,18.0,39.0,27.0,12.0,2.0,0.03910589880110083,4.35,23.0,529.0,225.0,6.0,1.0,5.0,0.0,1.0,1.0,0.0,0.0,2.321928094887362,0.040891364902506964
2022-01-31,226,LIGHT,341314,13347,1.0101010101010102,10.1010101010101,25.252525252525253,27.27272727272727,19.19191919191919,12.121212121212121,5.05050505050505,0.03910475398020591,4.1010101010101,24.0,576.0,226.0,0.0,0.0,5.0,0.0,1.0,1.0,0.0,0.0,2.321928094887362,0.051699164345403906
2022-02-01,227,THOSE,351663,13606,1.0,13.0,34.0,30.0,15.0,6.0,1.0,0.03869045080090883,3.67,25.0,625.0,227.0,1.0,0.0,5.0,0.0,1.0,2.0,0.0,0.0,2.321928094887362,0.06729805013927577
2022-02-02,228,MOIST,361908,14205,2.9702970297029703,12.871287128712872,31.683168316831683,28.71287128712871,15.841584158415841,6.9306930693069315,0.9900990099009901,0.03925030670778209,3.6633663366336635,26.0,676.0,228.0,2.0,0.0,5.0,0.0,1.0,2.0,0.0,0.0,2.321928094887362,0.05637883008356546
2022-02-03,229,SHARD,358176,14609,0.9900990099009901,6.9306930693069315,21.782178217821784,27.722772277227726,24.752475247524753,13.861386138613863,3.9603960396039604,0.04078721075672295,4.257425742574258,27.0,729.0,229.0,3.0,0.0,5.0,0.0,1.0,1.0,0.0,0.0,2.321928094887362,0.05604456824512536
2022-02-04,230,PLEAT,359679,14813,1.0,10.0,28.000000000000004,31.0,19.0,9.0,2.0,0.041183944572799634,3.92,28.0,784.0,230.0,4.0,0.0,5.0,0.0,1.0,2.0,0.0,0.0,2.321928094887362,0.07220055710306407
2022-02-05,231,ALOFT,319698,13708,0.9900990099009901,3.9603960396039604,21.782178217821784,35.64356435643564,24.752475247524753,10.891089108910892,1.9801980198019802,0.04287796608048846,4.198019801980198,29.0,841.0,231.0,5.0,1.0,5.0,0.0,1.0,2.0,0.0,0.0,2.321928094887362,0.06306406685236769
2022-02-06,232,SKILL,311018,13716,1.0,3.0,17.0,33.0,27.0,16.0,3.0,0.04410034145933676,4.42,30.0,900.0,232.0,6.0,1.0,4.0,1.0,2.0,1.0,0.0,1.0,1.9219280948873623,0.049805013927576594
2022-02-07,233,ELDER,288228,13340,1.0,3.0,13.0,24.0,30.0,24.0,5.0,0.04628280389136378,4.71,31.0,961.0,233.0,0.0,0.0,4.0,1.0,2.0,2.0,1.0,0.0,1.9219280948873623,0.07442896935933148
2022-02-08,234,FRAME,336236,15369,1.0101010101010102,10.1010101010101,20.2020202020202,24.242424242424242,24.242424242424242,17.17171717171717,3.0303030303030303,0.045708966321274344,4.242424242424242,32.0,1024.0,234.0,1.0,0.0,5.0,0.0,1.0,2.0,0.0,0.0,2.321928094887362,0.06284122562674095
2022-02-09,235,HUMOR,305372,13846,1.0,5.0,22.0,34.0,25.0,11.0,2.0,0.04534141964554707,4.18,33.0,1089.0,235.0,2.0,0.0,5.0,0.0,1.0,2.0,0.0,0.0,2.321928094887362,0.05080779944289694
2022-02-10,236,PAUSE,304830,13480,1.0,8.0,26.0,32.0,21.0,10.0,2.0,0.04422136928779976,4.02,34.0,1156.0,236.0,3.0,0.0,5.0,0.0,1.0,3.0,0.0,0.0,2.321928094887362,0.06206128133704736
2022-02-11,237,ULCER,278826,10631,1.0,4.0,18.0,30.0,28.000000000000004,16.0,3.0,0.038127721231162086,4.4,35.0,1225.0,237.0,4.0,0.0,5.0,0.0,1.0,2.0,0.0,0.0,2.321928094887362,0.06295264623955432
2022-02-12,238,ULTRA,269885,9310,1.0,7.000000000000001,23.0,34.0,24.0,10.0,1.0,0.034496174296459604,4.07,36.0,1296.0,238.0,5.0,1.0,5.0,0.0,1.0,2.0,0.0,0.0,2.321928094887362,0.06662952646239555
2022-02-13,239,ROBIN,277471,3249,1.0,6.0,28.999999999999996,34.0,21.0,8.0,1.0,0.011709331786024485,3.96,37.0,1369.0,239.0,6.0,1.0,5.0,0.0,1.0,2.0,0.0,0.0,2.321928094887362,0.05426183844011143
2022-02-14,240,CYNIC,261521,10343,1.0,6.0,25.0,33.0,22.0,11.0,2.0,0.03954940521028904,4.1,38.0,1444.0,240.0,0.0,0.0,4.0,1.0,2.0,1.0,0.0,0.0,1.9219280948873623,0.04367688022284123
2022-02-15,241,AROMA,287836,10343,1.0,6.0,25.0,33.0,22.0,11.0,2.0,0.03593365666560124,4.1,39.0,1521.0,241.0,1.0,0.0,4.0,1.0,2.0,3.0,1.0,0.0,1.9219280948873623,0.07108635097493037
2022-02-16,242,CAULK,289721,10740,1.0,4.0,20.0,31.0,26.0,15.0,3.0,0.03707014679640067,4.34,40.0,1600.0,242.0,2.0,0.0,5.0,0.0,1.0,2.0,0.0,1.0,2.321928094887362,0.04902506963788301
2022-02-17,243,SHAKE,342003,12767,1.0,6.0,16.0,23.0,24.0,21.0,9.0,0.03733008189986638,4.62,41.0,1681.0,243.0,3.0,0.0,5.0,0.0,1.0,2.0,0.0,1.0,2.321928094887362,0.05949860724233984
2022-02-18,244,DODGE,265238,10220,0.9900990099009901,2.9702970297029703,14.85148514851485,28.71287128712871,26.732673267326735,18.81188118811881,6.9306930693069315,0.03853143214773147,4.6138613861386135,42.0,1764.0,244.0,4.0,0.0,4.0,1.0,2.0,2.0,0.0,0.0,1.9219280948873623,0.05303621169916435
2022-02-19,245,SWILL,282327,11241,1.0,1.0,8.0,19.0,31.0,30.0,10.0,0.03981553305209916,5.08,43.0,1849.0,245.0,5.0,1.0,4.0,1.0,2.0,1.0,0.0,0.0,1.9219280948873623,0.04924791086350975
2022-02-20,246,TACIT,273306,11094,0.9900990099009901,3.9603960396039604,20.792079207920793,31.683168316831683,25.742574257425744,13.861386138613863,2.9702970297029703,0.040591864064455224,4.306930693069307,44.0,1936.0,246.0,6.0,1.0,4.0,1.0,2.0,2.0,0.0,0.0,1.9219280948873623,0.06573816155988858
2022-02-21,247,OTHER,278731,10887,1.0101010101010102,9.090909090909092,26.262626262626267,30.303030303030305,21.21212121212121,10.1010101010101,2.0202020202020203,0.03905916457085864,4.0,45.0,2025.0,247.0,0.0,0.0,5.0,0.0,1.0,2.0,0.0,0.0,2.321928094887362,0.07253481894150418
2022-02-22,248,THORN,306356,11814,1.0101010101010102,14.14141414141414,38.38383838383838,30.303030303030305,12.121212121212121,4.040404040404041,0.0,0.03856297901787463,3.505050505050505,46.0,2116.0,248.0,1.0,0.0,5.0,0.0,1.0,1.0,0.0,0.0,2.321928094887362,0.06183844011142061
2022-02-23,249,TROVE,277576,11411,0.9900990099009901,4.9504950495049505,15.841584158415841,23.762376237623762,24.752475247524753,21.782178217821784,7.920792079207921,0.0411094619131337,4.633663366336633,47.0,2209.0,249.0,2.0,0.0,5.0,0.0,1.0,2.0,0.0,1.0,2.321928094887362,0.06752089136490251
2022-02-24,250,BLOKE,250674,10405,1.0101010101010102,6.0606060606060606,21.21212121212121,32.323232323232325,25.252525252525253,12.121212121212121,2.0202020202020203,0.04150809417809585,4.191919191919192,48.0,2304.0,250.0,3.0,0.0,5.0,0.0,1.0,2.0,0.0,1.0,2.321928094887362,0.05515320334261838
2022-02-25,251,VIVID,255907,11687,1.0,2.0,10.0,28.999999999999996,33.0,21.0,4.0,0.04566893441758139,4.7,49.0,2401.0,251.0,4.0,0.0,3.0,2.0,2.0,2.0,1.0,2.0,1.5219280948873621,0.03409470752089137
2022-02-26,252,SPILL,248363,10087,1.0,5.0,26.0,34.0,22.0,10.0,2.0,0.040613940079641496,4.09,50.0,2500.0,252.0,5.0,1.0,4.0,1.0,2.0,1.0,0.0,0.0,1.9219280948873623,0.05303621169916435
2022-02-27,253,CHANT,250413,10438,1.0,9.0,33.0,33.0,16.0,7.000000000000001,1.0,0.04168313945362261,3.79,51.0,2601.0,253.0,6.0,1.0,5.0,0.0,1.0,1.0,0.0,0.0,2.321928094887362,0.05760445682451254
2022-02-28,254,CHOKE,251094,10521,1.0,8.0,30.0,36.0,18.0,6.0,1.0,0.04190064278716337,3.84,52.0,2704.0,254.0,0.0,0.0,5.0,0.0,1.0,2.0,0.0,1.0,2.321928094887362,0.05493036211699165
2022-03-01,255,RUPEE,240137,10577,1.0,2.0,17.0,35.0,30.0,13.0,2.0,0.044045690584957754,4.38,53.0,2809.0,255.0,1.0,0.0,4.0,1.0,2.0,3.0,1.0,0.0,1.9219280948873623,0.07019498607242339
2022-03-02,256,NASTY,257304,10813,1.0101010101010102,7.07070707070707,26.262626262626267,31.313131313131315,21.21212121212121,11.11111111111111,2.0202020202020203,0.042024220377452355,4.0606060606060606,54.0,2916.0,256.0,2.0,0.0,5.0,0.0,1.0,1.0,0.0,0.0,2.321928094887362,0.05838440111420613
2022-03-03,257,MOURN,240018,10465,1.0,8.0,28.999999999999996,34.0,19.0,8.0,1.0,0.04360089659942171,3.9,55.0,3025.0,257.0,3.0,0.0,5.0,0.0,1.0,2.0,0.0,0.0,2.321928094887362,0.0528133704735376
2022-03-04,258,AHEAD,203730,9396,0.9900990099009901,4.9504950495049505,19.801980198019802,34.65346534653465,25.742574257425744,11.881188118811881,1.9801980198019802,0.0461198645265793,4.227722772277228,56.0,3136.0,258.0,4.0,0.0,4.0,1.0,2.0,3.0,1.0,0.0,1.9219280948873623,0.06952646239554319
2022-03-05,259,BRINE,229895,10405,0.9900990099009901,8.91089108910891,24.752475247524753,28.71287128712871,21.782178217821784,11.881188118811881,2.9702970297029703,0.04525979251397377,4.089108910891088,57.0,3249.0,259.0,5.0,1.0,5.0,0.0,1.0,2.0,0.0,0.0,2.321928094887362,0.05994428969359331
2022-03-06,260,CLOTH,218595,9911,0.9900990099009901,7.920792079207921,32.67326732673268,33.663366336633665,16.831683168316832,6.9306930693069315,0.9900990099009901,0.04533955488460395,3.821782178217822,58.0,3364.0,260.0,6.0,1.0,5.0,0.0,1.0,1.0,0.0,0.0,2.321928094887362,0.05749303621169917
2022-03-07,261,HOARD,218595,9823,0.9900990099009901,8.91089108910891,29.7029702970297,33.663366336633665,18.81188118811881,6.9306930693069315,0.9900990099009901,0.04493698392003477,3.851485148514852,59.0,3481.0,261.0,0.0,0.0,5.0,0.0,1.0,2.0,0.0,0.0,2.321928094887362,0.061169916434540395
2022-03-08,262,SWEET,207473,9767,1.0,5.0,18.0,31.0,28.000000000000004,15.0,2.0,0.0470760050705393,4.33,60.0,3600.0,262.0,1.0,0.0,4.0,1.0,2.0,2.0,1.0,0.0,1.9219280948873623,0.06852367688022284
2022-03-09,263,MONTH,201799,9435,1.0,5.0,26.0,37.0,22.0,8.0,1.0,0.04675444377821496,4.02,61.0,3721.0,263.0,2.0,0.0,5.0,0.0,1.0,1.0,0.0,0.0,2.321928094887362,0.05303621169916435
2022-03-10,264,LAPSE,208884,9960,0.0,8.0,31.0,34.0,19.0,7.000000000000001,1.0,0.04768196702476015,3.89,62.0,3844.0,264.0,3.0,0.0,5.0,0.0,1.0,2.0,0.0,0.0,2.321928094887362,0.06740947075208914
2022-03-11,265,WATCH,226349,12400,1.0,6.0,14.000000000000002,18.0,17.0,24.0,20.0,0.054782658637767344,4.96,63.0,3969.0,265.0,4.0,0.0,5.0,0.0,1.0,1.0,0.0,0.0,2.321928094887362,0.051142061281337046
2022-03-12,266,TODAY,192049,9353,1.0,7.000000000000001,28.999999999999996,35.0,20.0,7.000000000000001,1.0,0.04870111273685362,3.91,64.0,4096.0,266.0,5.0,1.0,5.0,0.0,1.0,2.0,0.0,0.0,2.321928094887362,0.05972144846796658
2022-03-13,267,FOCUS,179436,8937,1.0101010101010102,4.040404040404041,23.232323232323232,36.36363636363637,24.242424242424242,10.1010101010101,1.0101010101010102,0.0498060589848191,4.1313131313131315,65.0,4225.0,267.0,6.0,1.0,5.0,0.0,1.0,2.0,0.0,0.0,2.321928094887362,0.043231197771587744
2022-03-14,268,SMELT,185406,9373,0.0,5.0,19.0,33.0,28.000000000000004,13.0,2.0,0.05055391950638059,4.31,66.0,4356.0,268.0,0.0,0.0,5.0,0.0,1.0,1.0,0.0,0.0,2.321928094887362,0.06328690807799443
2022-03-15,269,TEASE,202855,10024,0.9803921568627451,15.686274509803921,31.372549019607842,29.411764705882355,15.686274509803921,5.88235294117647,0.9803921568627451,0.0494146064923221,3.647058823529412,67.0,4489.0,269.0,1.0,0.0,4.0,1.0,2.0,3.0,1.0,0.0,1.9219280948873623,0.08278551532033426
2022-03-16,270,CATER,217856,11234,0.9900990099009901,6.9306930693069315,18.81188118811881,21.782178217821784,18.81188118811881,17.82178217821782,14.85148514851485,0.05156617215041128,4.633663366336633,68.0,4624.0,270.0,2.0,0.0,5.0,0.0,1.0,2.0,0.0,0.0,2.321928094887362,0.07543175487465181
2022-03-17,271,MOVIE,169071,8847,1.0101010101010102,5.05050505050505,18.181818181818183,30.303030303030305,26.262626262626267,16.161616161616163,3.0303030303030303,0.05232712883936334,4.363636363636363,69.0,4761.0,271.0,3.0,0.0,5.0,0.0,1.0,3.0,0.0,1.0,2.321928094887362,0.055487465181058494
2022-03-18,272,SAUTE,179830,9304,1.0,8.0,31.0,34.0,19.0,6.0,1.0,0.051737752321637104,3.84,70.0,4900.0,272.0,4.0,0.0,5.0,0.0,1.0,3.0,0.0,0.0,2.321928094887362,0.06941504178272981
2022-03-19,273,ALLOW,156311,8515,0.0,4.9504950495049505,20.792079207920793,31.683168316831683,25.742574257425744,13.861386138613863,2.9702970297029703,0.05447473306421173,4.316831683168317,71.0,5041.0,273.0,5.0,1.0,4.0,1.0,2.0,2.0,0.0,0.0,1.9219280948873623,0.06072423398328691
2022-03-20,274,RENEW,154987,8417,0.0,4.040404040404041,20.2020202020202,33.33333333333333,27.27272727272727,13.131313131313133,2.0202020202020203,0.05430778065257086,4.313131313131313,72.0,5184.0,274.0,6.0,1.0,4.0,1.0,2.0,2.0,1.0,0.0,1.9219280948873623,0.0690807799442897
2022-03-21,275,THEIR,173636,9200,2.0202020202020203,14.14141414141414,36.36363636363637,30.303030303030305,13.131313131313133,4.040404040404041,0.0,0.052984404155820224,3.5050505050505056,73.0,5329.0,275.0,0.0,0.0,5.0,0.0,1.0,2.0,0.0,0.0,2.321928094887362,0.06896935933147633
2022-03-22,276,SLOSH,160161,8807,0.0,2.0202020202020203,19.19191919191919,36.36363636363637,27.27272727272727,13.131313131313133,2.0202020202020203,0.05498841790448361,4.363636363636363,74.0,5476.0,276.0,1.0,0.0,4.0,1.0,2.0,1.0,0.0,0.0,1.9219280948873623,0.05448467966573817
2022-03-23,277,PURGE,156785,8555,0.9900990099009901,3.9603960396039604,21.782178217821784,34.65346534653465,25.742574257425744,10.891089108910892,1.9801980198019802,0.054565168861817136,4.207920792079208,75.0,5625.0,277.0,2.0,0.0,5.0,0.0,1.0,2.0,0.0,0.0,2.321928094887362,0.05537604456824513
2022-03-24,278,CHEST,169066,9318,0.9900990099009901,13.861386138613863,34.65346534653465,30.693069306930692,13.861386138613863,4.9504950495049505,0.9900990099009901,0.05511457064105142,3.6138613861386135,76.0,5776.0,278.0,3.0,0.0,5.0,0.0,1.0,1.0,0.0,0.0,2.321928094887362,0.060389972144846794
2022-03-25,279,DEPOT,150197,8562,0.0,5.1020408163265305,29.591836734693878,36.734693877551024,20.408163265306122,7.142857142857142,1.0204081632653061,0.05700513325832074,3.979591836734694,77.0,5929.0,279.0,4.0,0.0,5.0,0.0,1.0,2.0,0.0,0.0,2.321928094887362,0.06295264623955432
2022-03-26,280,EPOXY,149507,9376,0.0,2.0,13.0,31.0,33.0,18.0,3.0,0.06271278267907188,4.61,78.0,6084.0,280.0,5.0,1.0,5.0,0.0,1.0,2.0,0.0,1.0,2.321928094887362,0.05013927576601671
2022-03-27,281,NYMPH,165468,9935,0.7936507936507936,1.5873015873015872,14.285714285714285,34.92063492063492,20.634920634920633,20.634920634920633,7.142857142857142,0.0600418207750139,4.634920634920634,79.0,6241.0,281.0,6.0,1.0,5.0,0.0,1.0,0.0,0.0,0.0,2.321928094887362,0.03766016713091922
2022-03-28,282,FOUND,173696,10613,0.9900990099009901,5.9405940594059405,16.831683168316832,21.782178217821784,19.801980198019802,20.792079207920793,13.861386138613863,0.06110100405305822,4.7128712871287135,80.0,6400.0,282.0,0.0,0.0,5.0,0.0,1.0,2.0,0.0,0.0,2.321928094887362,0.04144846796657382
2022-03-29,283,SHALL,149070,8494,0.0,3.0303030303030303,17.17171717171717,30.303030303030305,28.28282828282828,17.17171717171717,4.040404040404041,0.05697994230898236,4.515151515151515,81.0,6561.0,283.0,1.0,0.0,4.0,1.0,2.0,1.0,0.0,0.0,1.9219280948873623,0.06005571030640668
2022-03-30,284,STOVE,158139,9318,0.0,5.05050505050505,16.161616161616163,24.242424242424242,27.27272727272727,21.21212121212121,6.0606060606060606,0.05892284635668621,4.616161616161617,82.0,6724.0,284.0,2.0,0.0,5.0,0.0,1.0,2.0,0.0,1.0,2.321928094887362,0.06228412256267409
2022-03-31,285,LOWLY,135219,8469,0.0,1.9801980198019802,8.91089108910891,25.742574257425744,31.683168316831683,23.762376237623762,7.920792079207921,0.06263173074789785,4.900990099009901,83.0,6889.0,285.0,3.0,0.0,4.0,1.0,2.0,1.0,0.0,0.0,1.9219280948873623,0.04991643454038997
2022-04-01,286,SNOUT,144648,8913,1.0,4.0,19.0,27.0,26.0,18.0,5.0,0.061618549858967975,4.47,84.0,7056.0,286.0,4.0,0.0,5.0,0.0,1.0,2.0,0.0,0.0,2.321928094887362,0.055933147632311976
2022-04-02,287,TROPE,155079,9315,1.0,16.0,33.0,28.000000000000004,15.0,6.0,1.0,0.060066159828216587,3.62,85.0,7225.0,287.0,5.0,1.0,5.0,0.0,1.0,2.0,0.0,0.0,2.321928094887362,0.07186629526462396
2022-04-03,288,FEWER,124532,7931,0.0,2.0,10.0,24.0,32.0,26.0,6.0,0.063686442038994,4.88,86.0,7396.0,288.0,6.0,1.0,4.0,1.0,2.0,2.0,1.0,0.0,1.9219280948873623,0.06295264623955432
2022-04-04,289,SHAWL,129651,7943,0.0,3.0303030303030303,16.161616161616163,31.313131313131315,30.303030303030305,16.161616161616163,3.0303030303030303,0.06126447154283422,4.494949494949496,87.0,7569.0,289.0,0.0,0.0,5.0,0.0,1.0,1.0,0.0,0.0,2.321928094887362,0.05091922005571031
2022-04-05,290,NATAL,121356,7702,0.0,2.0,14.000000000000002,32.0,32.0,17.0,3.0,0.06346616566135997,4.57,88.0,7744.0,290.0,1.0,0.0,4.0,1.0,2.0,2.0,1.0,0.0,1.9219280948873623,0.07197771587743733
2022-04-06,291,COMMA,117856,7560,0.0,1.9801980198019802,12.871287128712872,32.67326732673268,32.67326732673268,16.831683168316832,2.9702970297029703,0.0641460765680152,4.584158415841585,89.0,7921.0,291.0,2.0,0.0,4.0,1.0,2.0,2.0,0.0,0.0,1.9219280948873623,0.05259052924791087
2022-04-07,292,FORAY,117761,7575,0.0,1.9801980198019802,13.861386138613863,30.693069306930692,30.693069306930692,18.81188118811881,3.9603960396039604,0.06432520104279006,4.623762376237624,90.0,8100.0,292.0,3.0,0.0,5.0,0.0,1.0,2.0,0.0,0.0,2.321928094887362,0.057827298050139274
2022-04-08,293,SCARE,141158,9010,1.0,12.0,23.0,26.0,21.0,13.0,4.0,0.06382918431828165,4.09,91.0,8281.0,293.0,4.0,0.0,5.0,0.0,1.0,2.0,0.0,0.0,2.321928094887362,0.07064066852367687
2022-04-09,294,STAIR,134210,8537,1.9801980198019802,20.792079207920793,35.64356435643564,25.742574257425744,10.891089108910892,3.9603960396039604,0.9900990099009901,0.06360926905595708,3.3861386138613865,92.0,8464.0,294.0,5.0,1.0,5.0,0.0,1.0,2.0,0.0,0.0,2.321928094887362,0.06796657381615599
2022-04-10,295,BLACK,126241,7894,0.9900990099009901,9.900990099009901,30.693069306930692,33.663366336633665,17.82178217821782,5.9405940594059405,0.9900990099009901,0.06253119034228183,3.7920792079207923,93.0,8649.0,295.0,6.0,1.0,5.0,0.0,1.0,1.0,0.0,1.0,2.321928094887362,0.04534818941504178
2022-04-11,296,SQUAD,109828,7236,0.0,3.0303030303030303,20.2020202020202,33.33333333333333,27.27272727272727,14.14141414141414,2.0202020202020203,0.06588483811050005,4.353535353535353,94.0,8836.0,296.0,0.0,0.0,5.0,0.0,1.0,2.0,0.0,1.0,2.321928094887362,0.041002785515320335
2022-04-12,297,ROYAL,114907,7275,1.0101010101010102,5.05050505050505,24.242424242424242,36.36363636363637,23.232323232323232,9.090909090909092,1.0101010101010102,0.06331206976076305,4.070707070707071,95.0,9025.0,297.0,1.0,0.0,5.0,0.0,1.0,2.0,0.0,0.0,2.321928094887362,0.06662952646239555
2022-04-13,298,CHUNK,123255,7835,1.0,4.0,28.999999999999996,42.0,18.0,5.0,1.0,0.06356740091679851,3.91,96.0,9216.0,298.0,2.0,0.0,5.0,0.0,1.0,1.0,0.0,1.0,2.321928094887362,0.03654596100278552
2022-04-14,299,MINCE,113448,7356,0.0,6.0,24.0,35.0,24.0,10.0,1.0,0.06484027924687963,4.11,97.0,9409.0,299.0,3.0,0.0,5.0,0.0,1.0,2.0,0.0,0.0,2.321928094887362,0.055598885793871865
2022-04-15,300,SHAME,129991,8522,1.0,11.0,22.0,25.0,21.0,15.0,5.0,0.06555838481125617,4.19,98.0,9604.0,300.0,4.0,0.0,5.0,0.0,1.0,2.0,0.0,0.0,2.321928094887362,0.06172701949860725
2022-04-16,301,CHEEK,107987,7035,0.0,3.0,19.0,40.0,28.000000000000004,9.0,1.0,0.06514673062498264,4.24,99.0,9801.0,301.0,5.0,1.0,4.0,1.0,2.0,2.0,1.0,1.0,1.9219280948873623,0.06061281337047353
2022-04-17,302,AMPLE,106681,7008,0.0,4.040404040404041,20.2020202020202,35.35353535353536,27.27272727272727,11.11111111111111,2.0202020202020203,0.0656911727486619,4.2727272727272725,100.0,10000.0,302.0,6.0,1.0,5.0,0.0,1.0,2.0,0.0,0.0,2.321928094887362,0.06384401114206127
2022-04-18,303,FLAIR,112383,7341,1.0,8.0,30.0,36.0,18.0,6.0,1.0,0.06532126745148288,3.84,101.0,10201.0,303.0,0.0,0.0,5.0,0.0,1.0,2.0,0.0,0.0,2.321928094887362,0.05994428969359332
2022-04-19,304,FOYER,108899,8198,0.0,2.0202020202020203,10.1010101010101,19.19191919191919,19.19191919191919,23.232323232323232,26.262626262626267,0.07528076474531446,5.303030303030303,102.0,10404.0,304.0,1.0,0.0,5.0,0.0,1.0,2.0,0.0,0.0,2.321928094887362,0.06072423398328691
2022-04-20,305,CARGO,102007,6796,0.0,5.0,20.0,34.0,27.0,12.0,2.0,0.06662287882204163,4.27,103.0,10609.0,305.0,2.0,0.0,5.0,0.0,1.0,2.0,0.0,0.0,2.321928094887362,0.06094707520891365
2022-04-21,306,OXIDE,97955,6960,0.0,1.9801980198019802,10.891089108910892,29.7029702970297,32.67326732673268,20.792079207920793,3.9603960396039604,0.07105303455668419,4.7128712871287135,104.0,10816.0,306.0,3.0,0.0,5.0,0.0,1.0,3.0,0.0,1.0,2.321928094887362,0.05348189415041783
2022-04-22,307,PLANT,119232,7731,1.9801980198019802,18.81188118811881,38.613861386138616,27.722772277227726,9.900990099009901,2.9702970297029703,0.0,0.06483997584541062,3.336633663366337,105.0,11025.0,307.0,4.0,0.0,5.0,0.0,1.0,1.0,0.0,0.0,2.321928094887362,0.061504178272980506
2022-04-23,308,OLIVE,95562,6482,1.0,6.0,25.0,34.0,23.0,10.0,1.0,0.06783030911868734,4.06,106.0,11236.0,308.0,5.0,1.0,5.0,0.0,1.0,3.0,0.0,1.0,2.321928094887362,0.06183844011142061
2022-04-24,309,INERT,97452,6743,0.0,7.000000000000001,27.0,34.0,22.0,9.0,1.0,0.06919303862414317,4.02,107.0,11449.0,309.0,6.0,1.0,5.0,0.0,1.0,2.0,0.0,0.0,2.321928094887362,0.070974930362117
2022-04-25,310,ASKEW,91548,6549,0.0,3.0,13.0,28.999999999999996,32.0,19.0,4.0,0.07153624328221261,4.63,108.0,11664.0,310.0,0.0,0.0,5.0,0.0,1.0,2.0,0.0,1.0,2.321928094887362,0.05504178272980502
2022-04-26,311,HEIST,103153,6830,1.0,13.0,32.0,31.0,16.0,6.0,1.0,0.0662123253807451,3.7,109.0,11881.0,311.0,1.0,0.0,5.0,0.0,1.0,2.0,0.0,0.0,2.321928094887362,0.06373259052924792
2022-04-27,312,SHOWN,98967,6564,0.0,6.0606060606060606,26.262626262626267,36.36363636363637,22.22222222222222,8.080808080808081,1.0101010101010102,0.06632513868259117,4.03030303030303,110.0,12100.0,312.0,2.0,0.0,5.0,0.0,1.0,1.0,0.0,0.0,2.321928094887362,0.04545961002785515
2022-04-28,313,ZESTY,88974,6315,0.0,2.0,12.0,27.0,30.0,22.0,7.000000000000001,0.07097579068042349,4.79,111.0,12321.0,313.0,3.0,0.0,5.0,0.0,1.0,1.0,0.0,1.0,2.321928094887362,0.05203342618384401
2022-04-29,314,TASH,106652,7001,2.0,19.0,34.0,27.0,13.0,4.0,1.0,0.06564340096763305,3.46,112.0,12544.0,314.0,4.0,0.0,4.0,0.0,1.0,1.0,0.0,0.0,2.0,0.06197771587743733
2022-04-30,315,LARVA,77991,5749,0.0,2.0202020202020203,10.1010101010101,25.252525252525253,35.35353535353536,23.232323232323232,4.040404040404041,0.07371363362439255,4.797979797979798,113.0,12769.0,315.0,5.0,1.0,4.0,1.0,2.0,2.0,1.0,1.0,1.9219280948873623,0.06540389972144847
2022-05-01,316,FORGO,77658,5699,0.0,1.0101010101010102,9.090909090909092,26.262626262626267,37.37373737373738,23.232323232323232,3.0303030303030303,0.07338587138478972,4.818181818181818,114.0,12996.0,316.0,6.0,1.0,4.0,1.0,2.0,2.0,1.0,0.0,1.9219280948873623,0.053927576601671315
2022-05-02,317,STORY,95643,6530,1.0,10.0,23.0,28.999999999999996,24.0,11.0,2.0,0.06827472998546678,4.06,115.0,13225.0,317.0,0.0,0.0,5.0,0.0,1.0,1.0,0.0,0.0,2.321928094887362,0.06072423398328691
2022-05-03,318,HAIRY,85817,5941,1.0,8.0,24.0,33.0,23.0,10.0,1.0,0.06922870759872753,4.03,116.0,13456.0,318.0,1.0,0.0,5.0,0.0,1.0,2.0,0.0,0.0,2.321928094887362,0.05838440111420613
2022-05-04,319,TRAIN,107750,7243,6.0606060606060606,26.262626262626267,32.323232323232325,22.22222222222222,10.1010101010101,3.0303030303030303,0.0,0.06722041763341068,3.1313131313131315,117.0,13689.0,319.0,2.0,0.0,5.0,0.0,1.0,2.0,0.0,0.0,2.321928094887362,0.06807799442896936
2022-05-05,320,HOMER,85979,6313,0.0,3.0,16.0,26.0,24.0,19.0,12.0,0.07342490608171763,4.76,118.0,13924.0,320.0,3.0,0.0,5.0,0.0,1.0,2.0,0.0,0.0,2.321928094887362,0.0641782729805014
2022-05-06,321,BADGE,76292,5482,0.0,4.040404040404041,20.2020202020202,35.35353535353536,26.262626262626267,12.121212121212121,2.0202020202020203,0.07185550254286163,4.282828282828283,119.0,14161.0,321.0,4.0,0.0,5.0,0.0,1.0,2.0,0.0,0.0,2.321928094887362,0.053259052924791085
2022-05-07,322,MIDST,74458,5233,0.0,2.9702970297029703,24.752475247524753,38.613861386138616,23.762376237623762,8.91089108910891,0.9900990099009901,0.07028123237261275,4.138613861386139,120.0,14400.0,322.0,5.0,1.0,5.0,0.0,1.0,1.0,0.0,0.0,2.321928094887362,0.04757660167130919
2022-05-08,323,CANNY,72518,5256,0.0,2.0,10.0,30.0,34.0,20.0,4.0,0.07247855704790535,4.72,121.0,14641.0,323.0,6.0,1.0,4.0,1.0,2.0,1.0,0.0,0.0,1.9219280948873623,0.05192200557103064
2022-05-09,324,SHINE,88932,6146,0.9900990099009901,13.861386138613863,31.683168316831683,29.7029702970297,16.831683168316832,5.9405940594059405,0.9900990099009901,0.06910898214366032,3.693069306930693,122.0,14884.0,324.0,0.0,0.0,5.0,0.0,1.0,2.0,0.0,0.0,2.321928094887362,0.05905292479108635
2022-05-10,325,GECKO,74412,5489,0.0,2.0202020202020203,16.161616161616163,38.38383838383838,29.292929292929294,12.121212121212121,2.0202020202020203,0.07376498414234263,4.393939393939394,123.0,15129.0,325.0,1.0,0.0,5.0,0.0,1.0,2.0,0.0,1.0,2.321928094887362,0.0528133704735376
2022-05-11,326,FARCE,79446,5688,0.0,9.183673469387756,26.53061224489796,32.6530612244898,21.428571428571427,9.183673469387756,1.0204081632653061,0.07159580092138056,3.979591836734694,124.0,15376.0,326.0,2.0,0.0,5.0,0.0,1.0,2.0,0.0,0.0,2.321928094887362,0.06462395543175488
2022-05-12,327,SLUNG,75673,5419,0.0,1.9801980198019802,15.841584158415841,36.633663366336634,30.693069306930692,12.871287128712872,1.9801980198019802,0.0716107462370991,4.425742574257425,125.0,15625.0,327.0,3.0,0.0,5.0,0.0,1.0,1.0,0.0,0.0,2.321928094887362,0.04479108635097493
2022-05-13,328,TIPSY,77585,5522,0.0,6.0,33.0,38.0,17.0,5.0,1.0,0.07117355158858027,3.85,126.0,15876.0,328.0,4.0,0.0,5.0,0.0,1.0,1.0,0.0,0.0,2.321928094887362,0.04935933147632312
2022-05-14,329,METAL,73225,5290,0.9803921568627451,9.803921568627452,30.392156862745097,33.33333333333333,17.647058823529413,6.862745098039216,0.9803921568627451,0.07224308637760328,3.8137254901960786,127.0,16129.0,329.0,5.0,1.0,5.0,0.0,1.0,2.0,0.0,0.0,2.321928094887362,0.07119777158774374
2022-05-15,330,YIELD,67115,4963,0.0,4.0,16.0,28.999999999999996,28.999999999999996,18.0,4.0,0.07394770170602696,4.53,128.0,16384.0,330.0,6.0,1.0,5.0,0.0,1.0,2.0,0.0,0.0,2.321928094887362,0.05704735376044569
2022-05-16,331,DELVE,68349,5179,0.0,2.0202020202020203,14.14141414141414,32.323232323232325,33.33333333333333,16.161616161616163,2.0202020202020203,0.07577287158553893,4.5353535353535355,129.0,16641.0,331.0,0.0,0.0,4.0,1.0,2.0,2.0,1.0,1.0,1.9219280948873623,0.06228412256267409
2022-05-17,332,BEING,70722,5142,0.0,4.0,22.0,37.0,26.0,10.0,1.0,0.07270721981844405,4.19,130.0,16900.0,332.0,1.0,0.0,5.0,0.0,1.0,2.0,0.0,0.0,2.321928094887362,0.050696378830083565
2022-05-18,333,SCOUR,73933,5544,0.0,8.0,34.0,35.0,17.0,5.0,1.0,0.07498681238418568,3.8,131.0,17161.0,333.0,2.0,0.0,5.0,0.0,1.0,2.0,0.0,0.0,2.321928094887362,0.05448467966573817
2022-05-19,334,GLASS,70920,5162,0.0,4.0,19.0,33.0,27.0,14.000000000000002,3.0,0.07278623801466441,4.37,132.0,17424.0,334.0,3.0,0.0,4.0,1.0,2.0,1.0,0.0,0.0,1.9219280948873623,0.05515320334261838
2022-05-20,335,GAMER,69884,5238,1.0,4.0,17.0,28.000000000000004,26.0,18.0,6.0,0.07495277889073322,4.52,133.0,17689.0,335.0,4.0,0.0,5.0,0.0,1.0,2.0,0.0,0.0,2.321928094887362,0.06484679665738162
2022-05-21,336,SCRAP,66814,4973,0.9900990099009901,8.91089108910891,27.722772277227726,33.663366336633665,19.801980198019802,7.920792079207921,0.9900990099009901,0.07443050857604694,3.900990099009901,134.0,17956.0,336.0,5.0,1.0,5.0,0.0,1.0,1.0,0.0,0.0,2.321928094887362,0.05727019498607242
2022-05-22,337,MONEY,67909,4928,1.0,7.000000000000001,26.0,36.0,21.0,8.0,1.0,0.07256770089384323,3.97,135.0,18225.0,337.0,6.0,1.0,5.0,0.0,1.0,2.0,0.0,0.0,2.321928094887362,0.05805013927576602
2022-05-23,338,HINGE,66431,4906,0.0,5.0,25.0,37.0,22.0,9.0,2.0,0.0738510635095061,4.11,136.0,18496.0,338.0,0.0,0.0,5.0,0.0,1.0,2.0,0.0,0.0,2.321928094887362,0.05504178272980501
2022-05-24,339,ALBUM,63380,4809,0.0,5.0,26.0,35.0,24.0,9.0,1.0,0.07587567055853582,4.09,137.0,18769.0,339.0,1.0,0.0,5.0,0.0,1.0,2.0,0.0,0.0,2.321928094887362,0.046796657381615606
2022-05-25,340,VOUCH,62723,4835,0.0,2.0202020202020203,9.090909090909092,25.252525252525253,33.33333333333333,24.242424242424242,6.0606060606060606,0.07708496085965276,4.8686868686868685,138.0,19044.0,340.0,2.0,0.0,5.0,0.0,1.0,2.0,0.0,1.0,2.321928094887362,0.04044568245125348
2022-05-26,341,ASSET,63188,4733,0.0,7.07070707070707,28.28282828282828,34.34343434343434,21.21212121212121,8.080808080808081,1.0101010101010102,0.07490346268278787,3.9797979797979797,139.0,19321.0,341.0,3.0,0.0,4.0,1.0,2.0,2.0,0.0,0.0,1.9219280948873623,0.07197771587743733
2022-05-27,342,TIARA,63846,4842,0.0,7.920792079207921,35.64356435643564,32.67326732673268,16.831683168316832,5.9405940594059405,0.9900990099009901,0.07583873696081195,3.801980198019802,140.0,19600.0,342.0,4.0,0.0,4.0,1.0,2.0,3.0,1.0,0.0,1.9219280948873623,0.0758774373259053
2022-05-28,343,CREPT,60069,4562,0.0,4.040404040404041,27.27272727272727,38.38383838383838,22.22222222222222,7.07070707070707,1.0101010101010102,0.07594599543857897,4.040404040404041,141.0,19881.0,343.0,5.0,1.0,5.0,0.0,1.0,1.0,0.0,0.0,2.321928094887362,0.06495821727019499
2022-05-29,344,BAYOU,56839,4435,0.0,6.0,17.0,33.0,28.999999999999996,13.0,2.0,0.07802741075669875,4.32,142.0,20164.0,344.0,6.0,1.0,5.0,0.0,1.0,3.0,0.0,0.0,2.321928094887362,0.0498050139275766
2022-05-30,345,ATOLL,60969,4741,0.0,6.0,28.000000000000004,36.0,21.0,8.0,1.0,0.07776082927389329,4.0,143.0,20449.0,345.0,0.0,0.0,4.0,1.0,2.0,2.0,0.0,0.0,1.9219280948873623,0.07186629526462396
2022-05-31,346,MANOR,62768,4802,0.0,6.0,27.0,34.0,21.0,10.0,2.0,0.07650395105786388,4.08,144.0,20736.0,346.0,1.0,0.0,5.0,0.0,1.0,2.0,0.0,0.0,2.321928094887362,0.06328690807799443
2022-06-01,347,CREAK,63241,4797,0.0,5.0,21.0,32.0,25.0,14.000000000000002,3.0,0.07585269050141522,4.31,145.0,21025.0,347.0,2.0,0.0,5.0,0.0,1.0,2.0,0.0,1.0,2.321928094887362,0.0648467966573816
2022-06-02,348,SHOWY,61278,4770,0.0,2.0,16.0,37.0,30.0,13.0,2.0,0.07784196612160971,4.42,146.0,21316.0,348.0,3.0,0.0,5.0,0.0,1.0,1.0,0.0,0.0,2.321928094887362,0.04245125348189415
2022-06-03,349,PEACH,65431,4957,1.0,13.0,38.0,32.0,13.0,3.0,0.0,0.0757591967110391,3.52,147.0,21609.0,349.0,4.0,0.0,5.0,0.0,1.0,2.0,0.0,0.0,2.321928094887362,0.06094707520891365
2022-06-04,350,FROTH,58263,4432,0.0,5.05050505050505,22.22222222222222,35.35353535353536,25.252525252525253,11.11111111111111,1.0101010101010102,0.07606886016854608,4.181818181818182,148.0,21904.0,350.0,5.0,1.0,5.0,0.0,1.0,1.0,0.0,0.0,2.321928094887362,0.05571030640668524
2022-06-05,351,DEPTH,56738,4329,0.0,6.0,28.000000000000004,39.0,20.0,6.0,1.0,0.07629807183897917,3.95,149.0,22201.0,351.0,6.0,1.0,5.0,0.0,1.0,1.0,0.0,0.0,2.321928094887362,0.05593314763231198
2022-06-06,352,GLOOM,58478,4548,0.0,2.0,14.000000000000002,35.0,35.0,13.0,1.0,0.07777283764834639,4.46,150.0,22500.0,352.0,0.0,0.0,4.0,1.0,2.0,2.0,1.0,0.0,1.9219280948873623,0.053927576601671315
2022-06-07,353,FLOOD,58991,4440,0.0,3.0,20.0,40.0,28.000000000000004,8.0,1.0,0.07526571849943212,4.21,151.0,22801.0,353.0,1.0,0.0,4.0,1.0,2.0,2.0,1.0,0.0,1.9219280948873623,0.051810584958217276
2022-06-08,354,TRAIT,61026,4607,0.0,6.0,22.0,35.0,24.0,11.0,2.0,0.07549241306983909,4.18,152.0,23104.0,354.0,2.0,0.0,4.0,1.0,2.0,2.0,0.0,0.0,1.9219280948873623,0.07275766016713092
2022-06-09,355,GIRTH,60020,4665,0.0,6.0,23.0,33.0,23.0,12.0,3.0,0.07772409196934356,4.21,153.0,23409.0,355.0,3.0,0.0,5.0,0.0,1.0,1.0,0.0,0.0,2.321928094887362,0.054150417827298056
2022-06-10,356,PIETY,55376,4324,0.0,4.0,25.0,41.0,22.0,7.000000000000001,1.0,0.07808436867957237,4.06,154.0,23716.0,356.0,4.0,0.0,5.0,0.0,1.0,2.0,0.0,0.0,2.321928094887362,0.06016713091922006
2022-06-11,357,GOOSE,51958,4087,0.0,2.0,12.0,28.000000000000004,32.0,21.0,5.0,0.0786596866700027,4.73,155.0,24025.0,357.0,5.0,1.0,4.0,1.0,2.0,3.0,1.0,0.0,1.9219280948873623,0.06551532033426184
2022-06-12,358,FLOAT,56684,4323,1.0,12.0,30.0,32.0,18.0,6.0,1.0,0.07626490720485499,3.76,156.0,24336.0,358.0,6.0,1.0,5.0,0.0,1.0,2.0,0.0,0.0,2.321928094887362,0.06306406685236769
2022-06-13,359,DONOR,53802,4142,0.0,3.0303030303030303,27.27272727272727,38.38383838383838,23.232323232323232,7.07070707070707,1.0101010101010102,0.07698598565109104,4.07070707070707,157.0,24649.0,359.0,0.0,0.0,4.0,1.0,2.0,2.0,1.0,0.0,1.9219280948873623,0.060389972144846794
2022-06-14,360,ATONE,59968,4762,2.0,16.0,34.0,28.999999999999996,14.000000000000002,4.0,1.0,0.0794090181430096,3.53,158.0,24964.0,360.0,1.0,0.0,5.0,0.0,1.0,3.0,0.0,0.0,2.321928094887362,0.07721448467966574
2022-06-15,361,PRIMO,55989,4391,0.0,3.0,22.0,38.0,25.0,10.0,2.0,0.07842611941631392,4.23,159.0,25281.0,361.0,2.0,0.0,5.0,0.0,1.0,2.0,0.0,0.0,2.321928094887362,0.05426183844011143
2022-06-16,362,APRON,53430,4112,0.0,7.000000000000001,30.0,38.0,19.0,5.0,1.0,0.0769605090772974,3.88,160.0,25600.0,362.0,3.0,0.0,5.0,0.0,1.0,2.0,0.0,0.0,2.321928094887362,0.06428969359331477
2022-06-17,363,BLOWN,54665,4251,0.0,5.9405940594059405,22.772277227722775,34.65346534653465,25.742574257425744,9.900990099009901,0.9900990099009901,0.07776456599286563,4.138613861386139,161.0,25921.0,363.0,4.0,0.0,5.0,0.0,1.0,1.0,0.0,0.0,2.321928094887362,0.04389972144846797
2022-06-18,364,CACAO,47205,4101,0.0,1.0,9.0,27.0,36.0,23.0,4.0,0.08687639021290118,4.83,162.0,26244.0,364.0,5.0,1.0,3.0,2.0,2.0,3.0,1.0,0.0,1.5219280948873621,0.06584958217270195
2022-06-19,365,LOSER,55359,4399,1.0,10.0,28.000000000000004,32.0,19.0,8.0,2.0,0.07946314059141242,3.9,163.0,26569.0,365.0,6.0,1.0,5.0,0.0,1.0,2.0,0.0,0.0,2.321928094887362,0.07242339832869081
2022-06-20,366,INPUT,50484,3950,0.0,4.9504950495049505,29.7029702970297,37.62376237623762,20.792079207920793,5.9405940594059405,0.9900990099009901,0.07824261152048173,3.96039603960396,164.0,26896.0,366.0,0.0,0.0,5.0,0.0,1.0,2.0,0.0,0.0,2.321928094887362,0.0498050139275766
2022-06-21,367,GLOAT,53342,4194,0.0,8.0,21.0,31.0,26.0,12.0,2.0,0.0786247234824341,4.19,165.0,27225.0,367.0,1.0,0.0,5.0,0.0,1.0,2.0,0.0,0.0,2.321928094887362,0.06506963788300836
2022-06-22,368,AWFUL,47645,3861,0.0,5.0,21.0,33.0,27.0,12.0,2.0,0.0810368349249659,4.26,166.0,27556.0,368.0,2.0,0.0,5.0,0.0,1.0,2.0,0.0,0.0,2.321928094887362,0.04423398328690807
2022-06-23,369,BRINK,53111,4118,0.0,4.040404040404041,22.22222222222222,41.41414141414141,24.242424242424242,7.07070707070707,1.0101010101010102,0.0775357270621905,4.111111111111111,167.0,27889.0,369.0,3.0,0.0,5.0,0.0,1.0,1.0,0.0,1.0,2.321928094887362,0.043342618384401115
2022-06-24,370,SMITE,50617,3991,0.0,5.9405940594059405,22.772277227722775,34.65346534653465,23.762376237623762,10.891089108910892,1.9801980198019802,0.07884702767844795,4.168316831683168,168.0,28224.0,370.0,4.0,0.0,5.0,0.0,1.0,2.0,0.0,0.0,2.321928094887362,0.062061281337047344
2022-06-25,371,BEADY,46089,3670,0.0,2.9702970297029703,18.81188118811881,38.613861386138616,28.71287128712871,9.900990099009901,0.9900990099009901,0.07962854477207143,4.267326732673268,169.0,28561.0,371.0,5.0,1.0,5.0,0.0,1.0,2.0,0.0,0.0,2.321928094887362,0.05437325905292478
2022-06-26,372,RUSTY,50450,3954,0.0,9.090909090909092,37.37373737373738,34.34343434343434,13.131313131313133,5.05050505050505,1.0101010101010102,0.07837462834489593,3.707070707070707,170.0,28900.0,372.0,6.0,1.0,5.0,0.0,1.0,1.0,0.0,0.0,2.321928094887362,0.05303621169916435
2022-06-27,373,RETRO,47986,3848,0.0,6.0606060606060606,24.242424242424242,35.35353535353536,24.242424242424242,9.090909090909092,1.0101010101010102,0.08019005543283457,4.090909090909091,171.0,29241.0,373.0,0.0,0.0,4.0,1.0,2.0,2.0,0.0,0.0,1.9219280948873623,0.07966573816155989
2022-06-28,374,DROLL,47312,3844,0.0,2.0,16.0,31.0,31.0,17.0,3.0,0.08124788637132228,4.54,172.0,29584.0,374.0,1.0,0.0,4.0,1.0,2.0,1.0,0.0,0.0,1.9219280948873623,0.0607242339832869
2022-06-29,375,GAWKY,45645,3957,0.0,1.0101010101010102,5.05050505050505,22.22222222222222,33.33333333333333,28.28282828282828,10.1010101010101,0.08669076569175156,5.131313131313131,173.0,29929.0,375.0,2.0,0.0,5.0,0.0,1.0,1.0,0.0,1.0,2.321928094887362,0.03732590529247911
2022-06-30,376,HUTCH,44212,3758,0.0,1.0101010101010102,12.121212121212121,28.28282828282828,28.28282828282828,21.21212121212121,9.090909090909092,0.08499954763412648,4.838383838383838,174.0,30276.0,376.0,3.0,0.0,4.0,1.0,2.0,1.0,0.0,0.0,1.9219280948873623,0.04512534818941504
2022-07-01,377,PINTO,47248,3792,0.0,5.0,25.0,41.0,22.0,6.0,1.0,0.08025736539112767,4.02,175.0,30625.0,377.0,4.0,0.0,5.0,0.0,1.0,2.0,0.0,0.0,2.321928094887362,0.05749303621169917
2022-07-02,378,EGRET,41765,3515,0.0,3.0,14.000000000000002,33.0,33.0,15.0,2.0,0.08416137914521729,4.49,176.0,30976.0,378.0,5.0,1.0,4.0,1.0,2.0,2.0,1.0,0.0,1.9219280948873623,0.07610027855153204
2022-07-03,379,LILAC,40486,3461,0.0,2.0202020202020203,17.17171717171717,38.38383838383838,29.292929292929294,12.121212121212121,1.0101010101010102,0.08548634095736798,4.353535353535353,177.0,31329.0,379.0,6.0,1.0,4.0,1.0,2.0,2.0,0.0,0.0,1.9219280948873623,0.06172701949860724
2022-07-04,380,SEVER,42645,3591,0.0,2.0202020202020203,13.131313131313133,27.27272727272727,29.292929292929294,21.21212121212121,7.07070707070707,0.08420682377769961,4.757575757575758,178.0,31684.0,380.0,0.0,0.0,4.0,1.0,2.0,2.0,1.0,1.0,1.9219280948873623,0.06841225626740947
2022-07-05,381,FIELD,44578,3604,0.9900990099009901,5.9405940594059405,24.752475247524753,35.64356435643564,22.772277227722775,8.91089108910891,0.9900990099009901,0.08084705460092423,4.03960396039604,179.0,32041.0,381.0,1.0,0.0,5.0,0.0,1.0,2.0,0.0,0.0,2.321928094887362,0.053927576601671315
2022-07-06,382,FLUFF,47344,4049,0.0,0.0,4.0,25.0,44.0,23.0,4.0,0.08552298073673538,4.98,180.0,32400.0,382.0,2.0,0.0,3.0,2.0,3.0,1.0,0.0,0.0,1.3709505944546687,0.030640668523676882
2022-07-07,383,AGAPE,43407,3671,0.0,1.9801980198019802,17.82178217821782,35.64356435643564,26.732673267326735,14.85148514851485,2.9702970297029703,0.08457161287349967,4.435643564356435,181.0,32761.0,383.0,3.0,0.0,4.0,1.0,2.0,3.0,1.0,0.0,1.9219280948873623,0.06852367688022284
2022-07-08,384,VOICE,42806,3484,1.0,5.0,24.0,35.0,25.0,9.0,1.0,0.08139045928140914,4.09,182.0,33124.0,384.0,4.0,0.0,5.0,0.0,1.0,3.0,0.0,1.0,2.321928094887362,0.05727019498607242
2022-07-09,385,STEAD,47094,3933,0.9900990099009901,5.9405940594059405,19.801980198019802,26.732673267326735,27.722772277227726,15.841584158415841,2.9702970297029703,0.0835138234169958,4.336633663366337,183.0,33489.0,385.0,5.0,1.0,5.0,0.0,1.0,2.0,0.0,0.0,2.321928094887362,0.0683008356545961
2022-07-10,386,BERTH,41785,3494,0.0,7.000000000000001,24.0,35.0,24.0,9.0,1.0,0.08361852339356228,4.07,184.0,33856.0,386.0,6.0,1.0,5.0,0.0,1.0,1.0,0.0,0.0,2.321928094887362,0.061169916434540395
2022-07-11,387,MADAM,40545,3430,0.0,2.9702970297029703,12.871287128712872,34.65346534653465,33.663366336633665,13.861386138613863,1.9801980198019802,0.0845973609569614,4.485148514851485,185.0,34225.0,387.0,0.0,0.0,3.0,2.0,2.0,2.0,1.0,0.0,1.5219280948873621,0.05348189415041782
2022-07-12,388,NIGHT,46910,3870,1.0,8.0,27.0,27.0,17.0,13.0,7.000000000000001,0.08249840119377531,4.18,186.0,34596.0,388.0,1.0,0.0,5.0,0.0,1.0,1.0,0.0,0.0,2.321928094887362,0.049025069637883015
2022-07-13,389,BLAND,46246,3727,0.0,7.142857142857142,31.63265306122449,38.775510204081634,18.367346938775512,4.081632653061225,0.0,0.08059075379492281,3.8061224489795915,187.0,34969.0,389.0,2.0,0.0,5.0,0.0,1.0,1.0,0.0,0.0,2.321928094887362,0.04935933147632311
2022-07-14,390,LIVER,40549,3388,0.0,4.040404040404041,16.161616161616163,26.262626262626267,25.252525252525253,20.2020202020202,8.080808080808081,0.08355323189227848,4.6565656565656575,188.0,35344.0,390.0,3.0,0.0,5.0,0.0,1.0,2.0,0.0,1.0,2.321928094887362,0.06194986072423399
2022-07-15,391,WEDGE,39234,3353,0.0,1.9801980198019802,10.891089108910892,31.683168316831683,36.633663366336634,16.831683168316832,1.9801980198019802,0.08546158943773258,4.6138613861386135,189.0,35721.0,391.0,4.0,0.0,4.0,1.0,2.0,2.0,1.0,0.0,1.9219280948873623,0.05604456824512535
2022-07-16,392,ROOMY,38769,3280,0.0,2.0,17.0,41.0,28.000000000000004,10.0,2.0,0.0846036781964972,4.33,190.0,36100.0,392.0,5.0,1.0,4.0,1.0,2.0,2.0,1.0,0.0,1.9219280948873623,0.05749303621169917
2022-07-17,393,WACKY,39611,3345,0.0,3.0303030303030303,18.181818181818183,39.39393939393939,27.27272727272727,10.1010101010101,2.0202020202020203,0.08444623968089672,4.292929292929292,191.0,36481.0,393.0,6.0,1.0,5.0,0.0,1.0,1.0,0.0,1.0,2.321928094887362,0.03955431754874652
2022-07-18,394,FLOCK,42574,3548,0.0,4.0,22.0,37.0,27.0,9.0,1.0,0.0833372480856861,4.18,192.0,36864.0,394.0,0.0,0.0,5.0,0.0,1.0,1.0,0.0,1.0,2.321928094887362,0.04278551532033427
2022-07-19,395,ANGRY,39667,3358,0.0,5.05050505050505,27.27272727272727,38.38383838383838,21.21212121212121,7.07070707070707,1.0101010101010102,0.08465475080041344,4.0101010101010095,193.0,37249.0,395.0,1.0,0.0,5.0,0.0,1.0,1.0,0.0,0.0,2.321928094887362,0.05481894150417828
2022-07-20,396,TRITE,42237,3685,0.0,4.0,14.000000000000002,22.0,22.0,23.0,15.0,0.08724577976655538,4.91,194.0,37636.0,396.0,2.0,0.0,4.0,1.0,2.0,2.0,0.0,0.0,1.9219280948873623,0.07565459610027855
2022-07-21,397,APHID,39086,3367,0.0,6.0,24.0,36.0,23.0,9.0,2.0,0.08614337614491122,4.11,195.0,38025.0,397.0,3.0,0.0,5.0,0.0,1.0,2.0,0.0,0.0,2.321928094887362,0.0498050139275766
2022-07-22,398,TRYST,43099,3665,0.0,3.0,26.0,41.0,23.0,6.0,1.0,0.08503677579526207,4.06,196.0,38416.0,398.0,4.0,0.0,4.0,1.0,2.0,0.0,0.0,0.0,1.9219280948873623,0.0603899721448468
2022-07-23,399,MIDGE,36769,3111,0.0,2.0202020202020203,18.181818181818183,39.39393939393939,28.28282828282828,10.1010101010101,2.0202020202020203,0.08460931763170061,4.3232323232323235,197.0,38809.0,399.0,5.0,1.0,5.0,0.0,1.0,2.0,0.0,0.0,2.321928094887362,0.04958217270194985
2022-07-24,400,POWER,39813,3401,2.0202020202020203,6.0606060606060606,19.19191919191919,29.292929292929294,24.242424242424242,15.151515151515152,4.040404040404041,0.0854243588777535,4.292929292929293,198.0,39204.0,400.0,6.0,1.0,5.0,0.0,1.0,2.0,0.0,0.0,2.321928094887362,0.06072423398328691
2022-07-25,401,ELOPE,39228,3339,0.0,4.040404040404041,22.22222222222222,32.323232323232325,26.262626262626267,13.131313131313133,2.0202020202020203,0.08511777301927195,4.282828282828283,199.0,39601.0,401.0,0.0,0.0,4.0,1.0,2.0,3.0,1.0,0.0,1.9219280948873623,0.07543175487465181
2022-07-26,402,CINCH,39171,3507,0.0,1.9801980198019802,14.85148514851485,23.762376237623762,21.782178217821784,24.752475247524753,12.871287128712872,0.08953052002757142,4.910891089108912,200.0,40000.0,402.0,1.0,0.0,4.0,1.0,2.0,1.0,0.0,0.0,1.9219280948873623,0.04467966573816156
2022-07-27,403,MOTTO,38384,3285,0.0,1.0101010101010102,11.11111111111111,36.36363636363637,36.36363636363637,14.14141414141414,1.0101010101010102,0.08558253438932889,4.545454545454546,201.0,40401.0,403.0,2.0,0.0,3.0,2.0,2.0,2.0,1.0,0.0,1.5219280948873621,0.06473537604456825
2022-07-28,404,STOMP,40650,3490,0.0,7.07070707070707,26.262626262626267,32.323232323232325,21.21212121212121,11.11111111111111,2.0202020202020203,0.08585485854858549,4.090909090909091,202.0,40804.0,404.0,3.0,0.0,5.0,0.0,1.0,1.0,0.0,0.0,2.321928094887362,0.05225626740947076
2022-07-29,405,UPSET,37791,3213,0.0,5.0,30.0,38.0,20.0,6.0,1.0,0.08502024291497975,3.95,203.0,41209.0,405.0,4.0,0.0,5.0,0.0,1.0,2.0,0.0,0.0,2.321928094887362,0.058941504178272985
2022-07-30,406,BLUFF,37353,3171,0.0,2.0,14.000000000000002,42.0,31.0,10.0,1.0,0.08489277969640993,4.36,204.0,41616.0,406.0,5.0,1.0,4.0,1.0,2.0,1.0,0.0,0.0,1.9219280948873623,0.03041782729805014
2022-07-31,407,CRAMP,39250,3369,1.0101010101010102,8.080808080808081,26.262626262626267,33.33333333333333,19.19191919191919,10.1010101010101,2.0202020202020203,0.0858343949044586,4.0,205.0,42025.0,407.0,6.0,1.0,5.0,0.0,1.0,1.0,0.0,0.0,2.321928094887362,0.053704735376044574
2022-08-01,408,QUART,36662,3303,0.0,5.0,20.0,33.0,27.0,13.0,2.0,0.09009328459985816,4.29,206.0,42436.0,408.0,0.0,0.0,5.0,0.0,1.0,2.0,0.0,1.0,2.321928094887362,0.0547075208913649
2022-08-02,409,COYLY,34909,3380,0.0,0.0,4.040404040404041,17.17171717171717,28.28282828282828,35.35353535353536,15.151515151515152,0.09682316881033544,5.404040404040404,207.0,42849.0,409.0,1.0,0.0,4.0,1.0,2.0,1.0,0.0,0.0,1.9219280948873623,0.048802228412256274
2022-08-03,410,YOUTH,38381,3327,0.9900990099009901,4.9504950495049505,16.831683168316832,30.693069306930692,28.71287128712871,14.85148514851485,2.9702970297029703,0.08668351528099841,4.376237623762376,208.0,43264.0,410.0,2.0,0.0,5.0,0.0,1.0,2.0,0.0,0.0,2.321928094887362,0.05103064066852368
2022-08-04,411,RHYME,37229,3336,0.0,4.040404040404041,22.22222222222222,39.39393939393939,25.252525252525253,8.080808080808081,1.0101010101010102,0.08960756399580971,4.141414141414142,209.0,43681.0,411.0,3.0,0.0,5.0,0.0,1.0,1.0,0.0,0.0,2.321928094887362,0.056155988857938724
2022-08-05,412,BUGGY,37350,3428,0.0,1.0,9.0,28.999999999999996,34.0,22.0,5.0,0.09178045515394913,4.82,210.0,44100.0,412.0,4.0,0.0,4.0,1.0,2.0,1.0,0.0,0.0,1.9219280948873623,0.028746518105849585
2022-08-06,413,ALIEN,38841,3395,3.0303030303030303,17.17171717171717,31.313131313131315,29.292929292929294,15.151515151515152,4.040404040404041,0.0,0.0874076362606524,3.484848484848485,211.0,44521.0,413.0,5.0,1.0,5.0,0.0,1.0,3.0,0.0,0.0,2.321928094887362,0.07164345403899722
2022-08-07,414,SMEAR,36223,3190,0.0,2.0,16.0,39.0,28.999999999999996,12.0,2.0,0.08806559368357121,4.39,212.0,44944.0,414.0,6.0,1.0,5.0,0.0,1.0,2.0,0.0,0.0,2.321928094887362,0.06885793871866296
2022-08-08,415,UNFIT,35516,3187,0.0,3.0,24.0,38.0,25.0,9.0,1.0,0.08973420430228629,4.16,213.0,45369.0,415.0,0.0,0.0,5.0,0.0,1.0,2.0,0.0,0.0,2.321928094887362,0.046350974930362124
2022-08-09,416,PATTY,36223,3019,0.0,2.0202020202020203,16.161616161616163,39.39393939393939,29.292929292929294,12.121212121212121,1.0101010101010102,0.08334483615382492,4.363636363636363,214.0,45796.0,416.0,1.0,0.0,4.0,1.0,2.0,1.0,0.0,0.0,1.9219280948873623,0.06050139275766018
2022-08-10,417,CLING,37654,3312,0.0,4.0,20.0,34.0,27.0,13.0,2.0,0.08795878259945822,4.31,215.0,46225.0,417.0,2.0,0.0,5.0,0.0,1.0,1.0,0.0,0.0,2.321928094887362,0.04713091922005571
2022-08-11,418,GLEAN,37301,3243,0.0,6.0606060606060606,23.232323232323232,37.37373737373738,24.242424242424242,8.080808080808081,1.0101010101010102,0.08694136886410551,4.08080808080808,216.0,46656.0,418.0,3.0,0.0,5.0,0.0,1.0,2.0,0.0,0.0,2.321928094887362,0.0660724233983287
2022-08-12,419,LABEL,34198,3076,0.0,4.0,18.0,32.0,28.999999999999996,15.0,2.0,0.08994678051348032,4.39,217.0,47089.0,419.0,4.0,0.0,4.0,1.0,2.0,2.0,0.0,0.0,1.9219280948873623,0.06651810584958218
2022-08-13,420,HUNKY,35276,3185,0.0,1.0101010101010102,11.11111111111111,33.33333333333333,25.252525252525253,22.22222222222222,7.07070707070707,0.09028801451411725,4.777777777777777,218.0,47524.0,420.0,5.0,1.0,5.0,0.0,1.0,1.0,0.0,1.0,2.321928094887362,0.03543175487465182
2022-08-14,421,KHAKI,31652,2968,0.0,2.0,17.0,33.0,28.000000000000004,16.0,4.0,0.09376974598761531,4.51,219.0,47961.0,421.0,6.0,1.0,4.0,1.0,2.0,2.0,0.0,2.0,1.9219280948873623,0.044456824512534826
2022-08-15,422,POKER,35376,3180,0.0,4.0,17.0,30.0,27.0,17.0,5.0,0.08989145183175033,4.51,220.0,48400.0,422.0,0.0,0.0,5.0,0.0,1.0,2.0,0.0,1.0,2.321928094887362,0.061281337047353765
2022-08-16,423,GRUEL,35105,3087,0.0,3.0,19.0,39.0,28.999999999999996,9.0,1.0,0.08793619142572283,4.25,221.0,48841.0,423.0,1.0,0.0,5.0,0.0,1.0,2.0,0.0,0.0,2.321928094887362,0.0607242339832869
2022-08-17,424,TWICE,35815,3173,0.9900990099009901,5.9405940594059405,27.722772277227726,37.62376237623762,20.792079207920793,5.9405940594059405,0.9900990099009901,0.08859416445623342,3.9306930693069306,222.0,49284.0,424.0,2.0,0.0,5.0,0.0,1.0,2.0,0.0,0.0,2.321928094887362,0.05749303621169917
2022-08-18,425,TWANG,34938,3172,0.0,2.9702970297029703,21.782178217821784,42.57425742574257,24.752475247524753,6.9306930693069315,0.9900990099009901,0.09078939836281413,4.138613861386139,223.0,49729.0,425.0,3.0,0.0,5.0,0.0,1.0,1.0,0.0,0.0,2.321928094887362,0.0509192200557103
2022-08-19,426,SHRUG,33965,2987,0.0,4.0,23.0,36.0,26.0,10.0,1.0,0.08794347122037391,4.18,224.0,50176.0,426.0,4.0,0.0,5.0,0.0,1.0,1.0,0.0,0.0,2.321928094887362,0.04523676880222842
2022-08-20,427,TREAT,38245,3249,0.9900990099009901,21.782178217821784,31.683168316831683,25.742574257425744,13.861386138613863,4.9504950495049505,0.9900990099009901,0.08495228134396653,3.4851485148514847,225.0,50625.0,427.0,5.0,1.0,4.0,1.0,2.0,2.0,0.0,0.0,1.9219280948873623,0.08200557103064068
2022-08-21,428,WASTE,35617,3186,1.0,7.000000000000001,19.0,27.0,24.0,17.0,5.0,0.08945166633910773,4.37,226.0,51076.0,428.0,6.0,1.0,5.0,0.0,1.0,2.0,0.0,0.0,2.321928094887362,0.0656267409470752
2022-08-22,429,MERIT,35888,3123,0.0,7.07070707070707,33.33333333333333,37.37373737373738,17.17171717171717,5.05050505050505,0.0,0.08702073116362015,3.797979797979798,227.0,51529.0,429.0,0.0,0.0,5.0,0.0,1.0,2.0,0.0,0.0,2.321928094887362,0.06729805013927577
2022-08-23,430,WOVEN,33549,2933,0.0,2.0202020202020203,13.131313131313133,32.323232323232325,32.323232323232325,17.17171717171717,3.0303030303030303,0.08742436436257414,4.5858585858585865,228.0,51984.0,430.0,1.0,0.0,5.0,0.0,1.0,2.0,0.0,1.0,2.321928094887362,0.051253481894150424
2022-08-24,431,NEEDY,33700,2927,0.0,2.0,21.0,41.0,26.0,9.0,1.0,0.08685459940652819,4.22,229.0,52441.0,431.0,2.0,0.0,4.0,1.0,2.0,2.0,1.0,0.0,1.9219280948873623,0.06362116991643454
2022-08-25,432,CLOWN,36737,3175,0.9900990099009901,7.920792079207921,28.71287128712871,35.64356435643564,19.801980198019802,5.9405940594059405,0.9900990099009901,0.08642512997795139,3.8712871287128707,230.0,52900.0,432.0,3.0,0.0,5.0,0.0,1.0,1.0,0.0,0.0,2.321928094887362,0.048356545961002785
2022-08-26,433,IRONY,34716,3046,0.0,6.0606060606060606,29.292929292929294,34.34343434343434,21.21212121212121,8.080808080808081,1.0101010101010102,0.08774052310173983,3.9898989898989896,231.0,53361.0,433.0,4.0,0.0,5.0,0.0,1.0,2.0,0.0,0.0,2.321928094887362,0.05760445682451254
2022-08-27,434,RUDER,31241,2784,0.0,2.0,16.0,33.0,28.999999999999996,16.0,4.0,0.08911366473544381,4.53,232.0,53824.0,434.0,5.0,1.0,4.0,1.0,2.0,2.0,0.0,0.0,1.9219280948873623,0.06350974930362117
2022-08-28,435,GAUZE,30214,2866,0.0,1.9801980198019802,10.891089108910892,23.762376237623762,30.693069306930692,24.752475247524753,7.920792079207921,0.09485668895214139,4.891089108910891,233.0,54289.0,435.0,6.0,1.0,5.0,0.0,1.0,3.0,0.0,1.0,2.321928094887362,0.05147632311977716
2022-08-29,436,CHIEF,34281,3072,1.0,6.0,32.0,38.0,18.0,5.0,0.0,0.08961232169423296,3.81,234.0,54756.0,436.0,0.0,0.0,5.0,0.0,1.0,2.0,0.0,0.0,2.321928094887362,0.051142061281337046
2022-08-30,437,ONSET,33660,3009,0.0,3.9603960396039604,28.71287128712871,39.603960396039604,20.792079207920793,5.9405940594059405,0.9900990099009901,0.0893939393939394,3.99009900990099,235.0,55225.0,437.0,1.0,0.0,5.0,0.0,1.0,2.0,0.0,0.0,2.321928094887362,0.06930362116991644
2022-08-31,438,PRIZE,35343,3166,0.0,5.0,12.0,20.0,32.0,26.0,5.0,0.08957926604985429,4.77,236.0,55696.0,438.0,2.0,0.0,5.0,0.0,1.0,2.0,0.0,1.0,2.321928094887362,0.0543732590529248
2022-09-01,439,FUNGI,31903,2928,0.0,2.0202020202020203,18.181818181818183,41.41414141414141,28.28282828282828,9.090909090909092,1.0101010101010102,0.09177820267686425,4.2727272727272725,237.0,56169.0,439.0,3.0,0.0,5.0,0.0,1.0,2.0,0.0,0.0,2.321928094887362,0.03754874651810585
2022-09-02,440,CHARM,35724,3149,0.9900990099009901,11.881188118811881,31.683168316831683,33.663366336633665,15.841584158415841,4.9504950495049505,0.9900990099009901,0.0881480237375434,3.7029702970297027,238.0,56644.0,440.0,4.0,0.0,5.0,0.0,1.0,1.0,0.0,0.0,2.321928094887362,0.0543732590529248
2022-09-03,441,GULLY,31191,2877,0.0,1.0,9.0,27.0,31.0,25.0,7.000000000000001,0.09223814561892854,4.91,239.0,57121.0,441.0,5.0,1.0,4.0,1.0,2.0,1.0,0.0,0.0,1.9219280948873623,0.04456824512534819
2022-09-04,442,INTER,32018,2889,0.0,6.0606060606060606,25.252525252525253,36.36363636363637,23.232323232323232,8.080808080808081,1.0101010101010102,0.09023049534636766,4.050505050505051,240.0,57600.0,442.0,6.0,1.0,5.0,0.0,1.0,2.0,0.0,0.0,2.321928094887362,0.070974930362117
2022-09-05,443,WHOOP,32733,2970,0.0,0.9900990099009901,15.841584158415841,46.53465346534654,28.71287128712871,6.9306930693069315,0.9900990099009901,0.09073412152873248,4.2772277227722775,241.0,58081.0,443.0,0.0,0.0,4.0,1.0,2.0,2.0,1.0,0.0,1.9219280948873623,0.0479108635097493
2022-09-06,444,TAUNT,32734,3022,0.0,4.0,19.0,27.0,21.0,16.0,13.0,0.09231991201808518,4.65,242.0,58564.0,444.0,1.0,0.0,4.0,1.0,2.0,2.0,0.0,0.0,1.9219280948873623,0.06350974930362116
2022-09-07,445,LEERY,30992,2873,0.0,3.0303030303030303,17.17171717171717,37.37373737373738,28.28282828282828,12.121212121212121,2.0202020202020203,0.09270134228187919,4.353535353535353,243.0,59049.0,445.0,2.0,0.0,4.0,1.0,2.0,2.0,1.0,0.0,1.9219280948873623,0.07520891364902507
2022-09-08,446,CLASS,31962,3001,0.0,4.040404040404041,21.21212121212121,32.323232323232325,22.22222222222222,13.131313131313133,7.07070707070707,0.0938927476378199,4.404040404040404,244.0,59536.0,446.0,3.0,0.0,4.0,1.0,2.0,1.0,0.0,0.0,1.9219280948873623,0.05738161559888579
2022-09-09,447,THEME,32172,2909,0.0,8.080808080808081,29.292929292929294,40.4040404040404,18.181818181818183,4.040404040404041,0.0,0.09042024120353102,3.8080808080808084,245.0,60025.0,447.0,4.0,0.0,4.0,1.0,2.0,2.0,1.0,0.0,1.9219280948873623,0.06941504178272981
2022-09-10,448,LOFTY,29237,2777,0.0,4.0,19.0,34.0,27.0,13.0,3.0,0.09498238533365257,4.35,246.0,60516.0,448.0,5.0,1.0,5.0,0.0,1.0,1.0,0.0,0.0,2.321928094887362,0.05225626740947076
2022-09-11,449,TIBIA,27887,2675,0.0,1.0101010101010102,14.14141414141414,40.4040404040404,30.303030303030305,12.121212121212121,2.0202020202020203,0.09592283142682971,4.444444444444445,247.0,61009.0,449.0,6.0,1.0,4.0,1.0,2.0,3.0,1.0,0.0,1.9219280948873623,0.05805013927576602
2022-09-12,450,BOOZE,29147,2883,0.0,1.0,7.000000000000001,27.0,38.0,23.0,4.0,0.09891240951041273,4.87,248.0,61504.0,450.0,0.0,0.0,4.0,1.0,2.0,3.0,1.0,1.0,1.9219280948873623,0.05415041782729805
2022-09-13,451,ALPHA,29497,2706,0.0,3.0,19.0,40.0,28.000000000000004,9.0,1.0,0.09173814286198596,4.24,249.0,62001.0,451.0,1.0,0.0,4.0,1.0,2.0,2.0,1.0,0.0,1.9219280948873623,0.0626183844011142
2022-09-14,452,THYME,32142,2938,1.0101010101010102,5.05050505050505,24.242424242424242,41.41414141414141,23.232323232323232,5.05050505050505,0.0,0.09140688196129675,3.95959595959596,250.0,62500.0,452.0,2.0,0.0,5.0,0.0,1.0,1.0,0.0,0.0,2.321928094887362,0.05571030640668524
2022-09-15,453,DOUBT,33344,3011,1.0101010101010102,12.121212121212121,32.323232323232325,34.34343434343434,16.161616161616163,4.040404040404041,0.0,0.09030110364683301,3.6464646464646466,251.0,63001.0,453.0,3.0,0.0,5.0,0.0,1.0,2.0,0.0,0.0,2.321928094887362,0.04590529247910864
2022-09-16,454,PARER,37309,4130,0.0,0.0,4.0,11.0,15.0,22.0,48.0,0.1106971508215176,5.99,252.0,63504.0,454.0,4.0,0.0,4.0,1.0,2.0,2.0,0.0,0.0,1.9219280948873623,0.0750974930362117
2022-09-17,455,CHUTE,33418,3073,0.0,11.11111111111111,37.37373737373738,36.36363636363637,12.121212121212121,3.0303030303030303,0.0,0.09195643066610809,3.585858585858586,253.0,64009.0,455.0,5.0,1.0,5.0,0.0,1.0,2.0,0.0,0.0,2.321928094887362,0.057827298050139274
2022-09-18,456,STICK,33102,3038,1.0101010101010102,9.090909090909092,36.36363636363637,35.35353535353536,14.14141414141414,4.040404040404041,0.0,0.09177693190743762,3.6464646464646466,254.0,64516.0,456.0,6.0,1.0,5.0,0.0,1.0,1.0,0.0,1.0,2.321928094887362,0.04724233983286909
2022-09-19,457,TRICE,35050,3430,0.0,5.0,24.0,25.0,18.0,17.0,11.0,0.0978601997146933,4.51,255.0,65025.0,457.0,0.0,0.0,5.0,0.0,1.0,2.0,0.0,0.0,2.321928094887362,0.0690807799442897
2022-09-20,458,ALIKE,31277,2843,0.0,6.0,20.0,33.0,27.0,12.0,2.0,0.09089746459059372,4.25,256.0,65536.0,458.0,1.0,0.0,5.0,0.0,1.0,3.0,0.0,1.0,2.321928094887362,0.06573816155988858
2022-09-21,459,RECAP,31976,2900,0.0,5.0,30.0,35.0,21.0,8.0,1.0,0.09069301976482362,4.0,257.0,66049.0,459.0,2.0,0.0,5.0,0.0,1.0,2.0,0.0,0.0,2.321928094887362,0.06807799442896936
2022-09-22,460,SAINT,34455,3119,1.0,14.000000000000002,35.0,28.999999999999996,15.0,5.0,1.0,0.09052387171673197,3.62,258.0,66564.0,460.0,3.0,0.0,5.0,0.0,1.0,2.0,0.0,0.0,2.321928094887362,0.06284122562674095
2022-09-23,461,GLORY,31509,2893,0.0,6.0606060606060606,30.303030303030305,39.39393939393939,19.19191919191919,5.05050505050505,0.0,0.09181503697356311,3.8686868686868685,259.0,67081.0,461.0,4.0,0.0,5.0,0.0,1.0,1.0,0.0,0.0,2.321928094887362,0.0547075208913649
2022-09-24,462,GRATE,32777,3077,1.0101010101010102,14.14141414141414,29.292929292929294,28.28282828282828,16.161616161616163,8.080808080808081,3.0303030303030303,0.0938768038563627,3.8080808080808084,260.0,67600.0,462.0,5.0,1.0,5.0,0.0,1.0,2.0,0.0,0.0,2.321928094887362,0.0732033426183844
2022-09-25,463,ADMIT,28994,2677,0.0,10.0,25.0,34.0,22.0,8.0,1.0,0.09232944747189073,3.96,261.0,68121.0,463.0,6.0,1.0,5.0,0.0,1.0,2.0,0.0,0.0,2.321928094887362,0.055487465181058494
2022-09-26,464,BRISK,31706,2884,0.0,5.1020408163265305,23.46938775510204,38.775510204081634,24.489795918367346,7.142857142857142,1.0204081632653061,0.09096070144452154,4.081632653061224,262.0,68644.0,464.0,0.0,0.0,5.0,0.0,1.0,1.0,0.0,1.0,2.321928094887362,0.04323119777158775
2022-09-27,465,SOGGY,30985,2888,0.0,2.0202020202020203,18.181818181818183,38.38383838383838,28.28282828282828,11.11111111111111,2.0202020202020203,0.09320639018880103,4.3434343434343425,263.0,69169.0,465.0,1.0,0.0,4.0,1.0,2.0,1.0,0.0,0.0,1.9219280948873623,0.0426740947075209
2022-09-28,466,USURP,31355,3007,0.0,3.061224489795918,21.428571428571427,38.775510204081634,26.53061224489796,9.183673469387756,1.0204081632653061,0.09590177005262318,4.204081632653061,264.0,69696.0,466.0,2.0,0.0,4.0,1.0,2.0,2.0,1.0,0.0,1.9219280948873623,0.046016713091922
2022-09-29,467,SCALD,30477,2829,0.0,4.0,23.0,36.0,24.0,11.0,2.0,0.09282409685992715,4.21,265.0,70225.0,467.0,3.0,0.0,5.0,0.0,1.0,1.0,0.0,0.0,2.321928094887362,0.05370473537604457
2022-09-30,468,SCORN,31223,2859,0.0,7.920792079207921,30.693069306930692,34.65346534653465,19.801980198019802,5.9405940594059405,0.9900990099009901,0.09156711398648432,3.881188118811881,266.0,70756.0,468.0,4.0,0.0,5.0,0.0,1.0,1.0,0.0,0.0,2.321928094887362,0.05715877437325906
2022-10-01,469,LEAVE,28202,2696,0.0,4.081632653061225,16.3265306122449,34.69387755102041,31.63265306122449,12.244897959183673,1.0204081632653061,0.09559605701723282,4.346938775510204,267.0,71289.0,469.0,5.0,1.0,4.0,1.0,2.0,3.0,1.0,1.0,1.9219280948873623,0.07387186629526463
2022-10-02,470,TWINE,30088,2775,0.0,6.0,28.000000000000004,40.0,20.0,5.0,1.0,0.09222946024993353,3.93,268.0,71824.0,470.0,6.0,1.0,5.0,0.0,1.0,2.0,0.0,0.0,2.321928094887362,0.05938718662952645
2022-10-03,471,STING,32288,2969,0.9803921568627451,9.803921568627452,29.411764705882355,32.35294117647059,17.647058823529413,7.8431372549019605,1.9607843137254901,0.09195366699702676,3.872549019607843,269.0,72361.0,471.0,0.0,0.0,5.0,0.0,1.0,1.0,0.0,0.0,2.321928094887362,0.0509192200557103
2022-10-04,472,BOUGH,32014,3060,0.0,3.0303030303030303,17.17171717171717,35.35353535353536,28.28282828282828,13.131313131313133,3.0303030303030303,0.0955831823577185,4.404040404040404,270.0,72900.0,472.0,1.0,0.0,5.0,0.0,1.0,2.0,0.0,0.0,2.321928094887362,0.038885793871866296
2022-10-05,473,MARXH,30935,2885,0.0,9.0,30.0,35.0,19.0,6.0,1.0,0.09326006141910458,3.86,271.0,73441.0,473.0,2.0,0.0,5.0,0.0,1.0,1.0,0.0,1.0,2.321928094887362,0.04735376044568245
2022-10-06,474,SLOTH,32522,2987,1.0101010101010102,10.1010101010101,38.38383838383838,34.34343434343434,13.131313131313133,3.0303030303030303,0.0,0.09184551995572228,3.5757575757575757,272.0,73984.0,474.0,3.0,0.0,5.0,0.0,1.0,1.0,0.0,0.0,2.321928094887362,0.0592757660167131
2022-10-07,475,DANDY,29026,2840,0.0,2.0,11.0,23.0,28.999999999999996,24.0,11.0,0.09784331289189004,4.95,273.0,74529.0,475.0,4.0,0.0,4.0,1.0,2.0,1.0,0.0,0.0,1.9219280948873623,0.046239554317548746
2022-10-08,476,VIGOR,26905,2642,0.0,2.0202020202020203,15.151515151515152,35.35353535353536,31.313131313131315,14.14141414141414,2.0202020202020203,0.09819736108530012,4.4646464646464645,274.0,75076.0,476.0,5.0,1.0,5.0,0.0,1.0,2.0,0.0,1.0,2.321928094887362,0.0494707520891365
2022-10-09,477,HOWDY,28408,2668,0.0,2.0,13.0,32.0,32.0,17.0,4.0,0.09391720642072655,4.61,275.0,75625.0,477.0,6.0,1.0,5.0,0.0,1.0,1.0,0.0,0.0,2.321928094887362,0.038774373259052926
2022-10-10,478,ENJOY,26878,2654,0.0,3.0,12.0,28.999999999999996,33.0,20.0,3.0,0.09874246595728849,4.64,276.0,76176.0,478.0,0.0,0.0,5.0,0.0,1.0,2.0,0.0,1.0,2.321928094887362,0.05236768802228412
2022-10-11,479,VALID,28575,2752,0.0,4.0,28.000000000000004,38.0,21.0,8.0,1.0,0.0963079615048119,4.04,277.0,76729.0,479.0,1.0,0.0,5.0,0.0,1.0,2.0,0.0,1.0,2.321928094887362,0.05013927576601671
2022-10-12,480,IONIC,29151,2947,0.0,2.0,13.0,25.0,28.000000000000004,21.0,11.0,0.10109430208226133,4.86,278.0,77284.0,480.0,2.0,0.0,4.0,1.0,2.0,3.0,1.0,0.0,1.9219280948873623,0.05504178272980501
2022-10-13,481,EQUAL,27197,2677,0.0,4.9504950495049505,22.772277227722775,34.65346534653465,24.752475247524753,10.891089108910892,1.9801980198019802,0.0984299738941795,4.198019801980198,279.0,77841.0,481.0,3.0,0.0,5.0,0.0,1.0,3.0,0.0,1.0,2.321928094887362,0.058272980501392756
2022-10-14,482,FLOOR,28906,2752,0.0,3.0,23.0,44.0,24.0,6.0,0.0,0.0952051477201965,4.07,280.0,78400.0,482.0,4.0,0.0,4.0,1.0,2.0,2.0,1.0,0.0,1.9219280948873623,0.06072423398328691
2022-10-15,483,CATCH,30403,3123,0.0,7.07070707070707,18.181818181818183,20.2020202020202,15.151515151515152,16.161616161616163,23.232323232323232,0.10272012630332533,4.848484848484849,281.0,78961.0,483.0,5.0,1.0,4.0,1.0,2.0,1.0,0.0,0.0,1.9219280948873623,0.05571030640668524
2022-10-16,484,SPADE,30459,2854,1.0,8.0,28.999999999999996,36.0,19.0,6.0,1.0,0.0936997275025444,3.86,282.0,79524.0,484.0,6.0,1.0,5.0,0.0,1.0,2.0,0.0,0.0,2.321928094887362,0.06094707520891365
2022-10-17,485,STEIN,31269,2965,0.9900990099009901,11.881188118811881,33.663366336633665,31.683168316831683,15.841584158415841,4.9504950495049505,0.9900990099009901,0.09482234801240845,3.683168316831683,283.0,80089.0,485.0,0.0,0.0,5.0,0.0,1.0,2.0,0.0,0.0,2.321928094887362,0.06573816155988857
2022-10-18,486,EXIST,28612,2805,0.0,5.05050505050505,24.242424242424242,38.38383838383838,23.232323232323232,8.080808080808081,1.0101010101010102,0.0980357891793653,4.08080808080808,284.0,80656.0,486.0,1.0,0.0,5.0,0.0,1.0,2.0,0.0,1.0,2.321928094887362,0.05682451253481894
2022-10-19,487,QUIRK,28322,2794,0.0,3.0,23.0,39.0,24.0,9.0,2.0,0.09865122519596074,4.19,285.0,81225.0,487.0,2.0,0.0,5.0,0.0,1.0,2.0,0.0,2.0,2.321928094887362,0.03777158774373259
2022-10-20,488,DENIM,28741,2769,0.0,5.05050505050505,29.292929292929294,40.4040404040404,20.2020202020202,5.05050505050505,0.0,0.09634320308966285,3.9090909090909087,286.0,81796.0,488.0,3.0,0.0,5.0,0.0,1.0,2.0,0.0,0.0,2.321928094887362,0.05370473537604457
2022-10-21,489,GROVE,28637,2794,0.0,4.0,18.0,30.0,28.000000000000004,17.0,3.0,0.09756608583301324,4.45,287.0,82369.0,489.0,4.0,0.0,5.0,0.0,1.0,2.0,0.0,1.0,2.321928094887362,0.05871866295264624
2022-10-22,490,SPIEL,29084,2810,0.0,6.9306930693069315,31.683168316831683,35.64356435643564,18.81188118811881,5.9405940594059405,0.9900990099009901,0.09661669646541053,3.881188118811881,288.0,82944.0,490.0,5.0,1.0,5.0,0.0,1.0,2.0,0.0,0.0,2.321928094887362,0.061058495821727024
2022-10-23,491,MUMMY,29279,3021,0.0,0.9900990099009901,3.9603960396039604,13.861386138613863,26.732673267326735,36.633663366336634,17.82178217821782,0.10317975340687865,5.475247524752475,289.0,83521.0,491.0,6.0,1.0,3.0,2.0,3.0,1.0,0.0,0.0,1.3709505944546687,0.03231197771587744
2022-10-24,492,FAULT,28947,2768,0.0,7.000000000000001,27.0,35.0,22.0,8.0,1.0,0.09562303520226621,4.0,290.0,84100.0,492.0,0.0,0.0,5.0,0.0,1.0,2.0,0.0,0.0,2.321928094887362,0.05537604456824512
2022-10-25,493,FOGGY,28953,2817,0.0,2.0,13.0,35.0,32.0,15.0,3.0,0.09729561703450419,4.54,291.0,84681.0,493.0,1.0,0.0,4.0,1.0,2.0,1.0,0.0,0.0,1.9219280948873623,0.03665738161559889
2022-10-26,494,FLOUT,30063,2904,0.0,6.0,28.000000000000004,37.0,21.0,7.000000000000001,1.0,0.09659714599341383,3.98,292.0,85264.0,494.0,2.0,0.0,5.0,0.0,1.0,2.0,0.0,0.0,2.321928094887362,0.05259052924791087
2022-10-27,495,CARRY,27609,2615,0.0,4.0,22.0,35.0,24.0,12.0,3.0,0.09471549132529247,4.27,293.0,85849.0,495.0,3.0,0.0,4.0,1.0,2.0,1.0,0.0,0.0,1.9219280948873623,0.06217270194986073
2022-10-28,496,SNEAK,27905,2636,0.0,7.000000000000001,28.000000000000004,36.0,21.0,7.000000000000001,1.0,0.094463357821179,3.96,294.0,86436.0,496.0,4.0,0.0,5.0,0.0,1.0,2.0,0.0,1.0,2.321928094887362,0.061504178272980506
2022-10-29,497,LIBEL,25156,2536,0.0,3.0,15.0,32.0,32.0,16.0,2.0,0.10081093973604707,4.49,295.0,87025.0,497.0,5.0,1.0,4.0,1.0,2.0,2.0,0.0,0.0,1.9219280948873623,0.06016713091922006
2022-10-30,498,WALTZ,24672,2496,0.0,2.0202020202020203,11.11111111111111,29.292929292929294,35.35353535353536,19.19191919191919,3.0303030303030303,0.10116731517509728,4.6767676767676765,296.0,87616.0,498.0,6.0,1.0,5.0,0.0,1.0,1.0,0.0,1.0,2.321928094887362,0.048467966573816156
2022-10-31,499,APTLY,26498,2572,0.0,2.9702970297029703,25.742574257425744,40.5940594059406,22.772277227722775,6.9306930693069315,0.9900990099009901,0.09706392935315873,4.079207920792079,297.0,88209.0,499.0,0.0,0.0,5.0,0.0,1.0,1.0,0.0,0.0,2.321928094887362,0.058495821727019504
2022-11-01,500,PINEY,27502,3667,0.0,0.9900990099009901,13.861386138613863,36.633663366336634,32.67326732673268,13.861386138613863,1.9801980198019802,0.13333575739946185,4.504950495049505,298.0,88804.0,500.0,1.0,0.0,5.0,0.0,1.0,2.0,0.0,0.0,2.321928094887362,0.055487465181058494
2022-11-02,501,INEPT,27670,2640,0.0,5.88235294117647,29.411764705882355,38.23529411764706,19.607843137254903,5.88235294117647,0.9803921568627451,0.09541019154318757,3.9313725490196076,299.0,89401.0,501.0,2.0,0.0,5.0,0.0,1.0,2.0,0.0,0.0,2.321928094887362,0.06317548746518106
2022-11-03,502,ALOUD,29554,2819,1.0,18.0,31.0,30.0,15.0,4.0,1.0,0.09538471949651485,3.56,300.0,90000.0,502.0,3.0,0.0,5.0,0.0,1.0,3.0,0.0,0.0,2.321928094887362,0.05805013927576602
2022-11-04,503,PHOTO,27330,2565,0.0,5.0,34.0,43.0,15.0,3.0,0.0,0.0938529088913282,3.77,301.0,90601.0,503.0,4.0,0.0,4.0,1.0,2.0,2.0,1.0,0.0,1.9219280948873623,0.059052924791086356
2022-11-05,504,DREAM,29743,2751,5.05050505050505,14.14141414141414,31.313131313131315,29.292929292929294,15.151515151515152,4.040404040404041,1.0101010101010102,0.09249235114144505,3.515151515151515,302.0,91204.0,504.0,5.0,1.0,5.0,0.0,1.0,2.0,0.0,0.0,2.321928094887362,0.06518105849582172
2022-11-06,505,STALE,31068,3013,1.9801980198019802,18.81188118811881,29.7029702970297,26.732673267326735,14.85148514851485,5.9405940594059405,1.9801980198019802,0.09698081627397966,3.594059405940594,303.0,91809.0,505.0,6.0,1.0,5.0,0.0,1.0,2.0,0.0,0.0,2.321928094887362,0.07476323119777159
2022-11-07,506,BEGIN,26096,2439,0.0,6.0606060606060606,26.262626262626267,36.36363636363637,23.232323232323232,7.07070707070707,1.0101010101010102,0.09346259963212752,4.02020202020202,304.0,92416.0,506.0,0.0,0.0,5.0,0.0,1.0,2.0,0.0,0.0,2.321928094887362,0.050696378830083565
2022-11-08,507,SPELL,27213,2531,0.0,4.040404040404041,24.242424242424242,37.37373737373738,24.242424242424242,9.090909090909092,1.0101010101010102,0.09300701870429574,4.1313131313131315,305.0,93025.0,507.0,1.0,0.0,4.0,1.0,2.0,1.0,0.0,0.0,1.9219280948873623,0.06228412256267409
2022-11-09,508,RAINY,28984,2678,0.9900990099009901,15.841584158415841,37.62376237623762,30.693069306930692,10.891089108910892,2.9702970297029703,0.9900990099009901,0.09239580458183826,3.4752475247524752,306.0,93636.0,508.0,2.0,0.0,5.0,0.0,1.0,2.0,0.0,0.0,2.321928094887362,0.0603899721448468
2022-11-10,509,UNITE,27467,2575,1.0,11.0,31.0,33.0,18.0,5.0,1.0,0.09374886227108895,3.75,307.0,94249.0,509.0,3.0,0.0,5.0,0.0,1.0,3.0,0.0,0.0,2.321928094887362,0.06317548746518106
2022-11-11,510,MEDAL,25993,2438,0.0,5.0,25.0,38.0,23.0,8.0,1.0,0.09379448313007348,4.07,308.0,94864.0,510.0,4.0,0.0,5.0,0.0,1.0,2.0,0.0,0.0,2.321928094887362,0.06272980501392758
2022-11-12,511,VALET,24660,2356,0.0,4.040404040404041,22.22222222222222,38.38383838383838,25.252525252525253,9.090909090909092,1.0101010101010102,0.09553933495539335,4.161616161616162,309.0,95481.0,511.0,5.0,1.0,5.0,0.0,1.0,2.0,0.0,1.0,2.321928094887362,0.06785515320334262
2022-11-13,512,INANE,25085,2515,0.0,8.0,25.0,30.0,21.0,13.0,3.0,0.10025911899541559,4.15,310.0,96100.0,512.0,6.0,1.0,4.0,1.0,2.0,3.0,0.0,0.0,1.9219280948873623,0.06896935933147633
2022-11-14,513,MAPLE,26536,2467,1.0101010101010102,6.0606060606060606,26.262626262626267,36.36363636363637,21.21212121212121,8.080808080808081,1.0101010101010102,0.09296804341272234,3.98989898989899,311.0,96721.0,513.0,0.0,0.0,5.0,0.0,1.0,2.0,0.0,0.0,2.321928094887362,0.06384401114206127
2022-11-15,514,SNARL,27475,2650,0.0,5.0,21.0,31.0,24.0,15.0,4.0,0.09645131938125569,4.35,312.0,97344.0,514.0,1.0,0.0,5.0,0.0,1.0,1.0,0.0,0.0,2.321928094887362,0.06451253481894151
2022-11-16,515,BAKER,25576,2541,0.0,5.0,16.0,23.0,24.0,22.0,10.0,0.09935095401939319,4.72,313.0,97969.0,515.0,2.0,0.0,5.0,0.0,1.0,2.0,0.0,1.0,2.321928094887362,0.060389972144846794
2022-11-17,516,THERE,27465,2530,0.0,14.000000000000002,35.0,33.0,14.000000000000002,4.0,0.0,0.09211724012379392,3.59,314.0,98596.0,516.0,3.0,0.0,4.0,1.0,2.0,2.0,1.0,0.0,1.9219280948873623,0.07821727019498607
2022-11-18,517,GLYPH,29208,2899,0.0,2.0,23.0,49.0,20.0,5.0,1.0,0.09925362914270063,4.06,315.0,99225.0,517.0,4.0,0.0,5.0,0.0,1.0,0.0,0.0,0.0,2.321928094887362,0.03988857938718663
2022-11-19,518,AVERT,24749,2400,0.0,7.000000000000001,26.0,35.0,22.0,9.0,1.0,0.09697361509555942,4.03,316.0,99856.0,518.0,5.0,1.0,5.0,0.0,1.0,2.0,0.0,1.0,2.321928094887362,0.07030640668523677
2022-11-20,519,BRAVE,24991,2396,0.9900990099009901,5.9405940594059405,16.831683168316832,26.732673267326735,26.732673267326735,17.82178217821782,4.9504950495049505,0.09587451482533713,4.455445544554456,317.0,100489.0,519.0,6.0,1.0,5.0,0.0,1.0,2.0,0.0,1.0,2.321928094887362,0.0592757660167131
2022-11-21,520,AXIOM,24288,2382,0.0,5.0,19.0,33.0,27.0,13.0,3.0,0.09807312252964427,4.33,318.0,101124.0,520.0,0.0,0.0,5.0,0.0,1.0,3.0,0.0,1.0,2.321928094887362,0.050696378830083565
2022-11-22,521,PRIME,27437,2534,1.0,10.0,26.0,32.0,21.0,9.0,1.0,0.09235703611910923,3.93,319.0,101761.0,521.0,1.0,0.0,5.0,0.0,1.0,2.0,0.0,0.0,2.321928094887362,0.05994428969359332
2022-11-23,522,DRIVE,26663,2451,1.0,12.0,32.0,30.0,18.0,6.0,1.0,0.09192513970670967,3.74,320.0,102400.0,522.0,2.0,0.0,5.0,0.0,1.0,2.0,0.0,1.0,2.321928094887362,0.055487465181058494
2022-11-24,523,FEAST,27705,2725,4.9504950495049505,12.871287128712872,24.752475247524753,26.732673267326735,18.81188118811881,9.900990099009901,1.9801980198019802,0.09835769716657643,3.7920792079207923,321.0,103041.0,523.0,3.0,0.0,5.0,0.0,1.0,2.0,0.0,0.0,2.321928094887362,0.06596100278551532
2022-11-25,524,ITCHY,24197,2329,0.0,8.0,28.000000000000004,40.0,18.0,5.0,1.0,0.09625160143819482,3.87,322.0,103684.0,524.0,4.0,0.0,5.0,0.0,1.0,1.0,0.0,0.0,2.321928094887362,0.048245125348189415
2022-11-26,525,CLEN,26381,2424,1.0,17.0,36.0,31.0,12.0,3.0,0.0,0.09188431067813957,3.45,323.0,104329.0,525.0,5.0,1.0,4.0,0.0,1.0,1.0,0.0,0.0,2.0,0.06337047353760446
2022-11-27,526,HAPPY,25206,2356,0.0,6.0606060606060606,28.28282828282828,39.39393939393939,19.19191919191919,6.0606060606060606,1.0101010101010102,0.09346980877568833,3.9393939393939394,324.0,104976.0,526.0,6.0,1.0,4.0,1.0,2.0,1.0,0.0,0.0,1.9219280948873623,0.04646239554317549
2022-11-28,527,TEPID,26051,2484,0.0,10.1010101010101,38.38383838383838,35.35353535353536,13.131313131313133,3.0303030303030303,0.0,0.09535142604890408,3.6060606060606064,325.0,105625.0,527.0,0.0,0.0,5.0,0.0,1.0,2.0,0.0,0.0,2.321928094887362,0.05938718662952647
2022-11-29,528,UNDUE,23739,2316,0.0,2.9702970297029703,18.81188118811881,34.65346534653465,28.71287128712871,12.871287128712872,1.9801980198019802,0.0975609756097561,4.356435643564356,326.0,106276.0,528.0,1.0,0.0,4.0,1.0,2.0,3.0,1.0,0.0,1.9219280948873623,0.050584958217270194
2022-11-30,529,STUDY,2569,2405,0.0,6.0,30.0,33.0,19.0,10.0,2.0,0.9361619307123394,4.03,327.0,106929.0,529.0,2.0,0.0,5.0,0.0,1.0,1.0,0.0,0.0,2.321928094887362,0.04412256267409471
2022-12-01,530,EJECT,22628,2200,0.0,2.0,11.0,35.0,36.0,14.000000000000002,2.0,0.0972246773908432,4.55,328.0,107584.0,530.0,3.0,0.0,4.0,1.0,2.0,2.0,1.0,1.0,1.9219280948873623,0.06384401114206129
2022-12-02,531,CHAFE,24646,2343,0.0,6.0606060606060606,30.303030303030305,33.33333333333333,19.19191919191919,9.090909090909092,2.0202020202020203,0.09506613649273715,4.01010101010101,329.0,108241.0,531.0,4.0,0.0,5.0,0.0,1.0,2.0,0.0,0.0,2.321928094887362,0.05749303621169917
2022-12-03,532,TORSO,23873,2260,0.0,4.040404040404041,35.35353535353536,36.36363636363637,17.17171717171717,6.0606060606060606,1.0101010101010102,0.09466761613538306,3.8888888888888893,330.0,108900.0,532.0,5.0,1.0,4.0,1.0,2.0,2.0,1.0,0.0,1.9219280948873623,0.06874651810584959
2022-12-04,533,ADORE,25577,2398,1.9801980198019802,16.831683168316832,31.683168316831683,28.71287128712871,14.85148514851485,4.9504950495049505,0.9900990099009901,0.09375610900418345,3.564356435643564,331.0,109561.0,533.0,6.0,1.0,5.0,0.0,1.0,3.0,0.0,0.0,2.321928094887362,0.07387186629526463
2022-12-05,534,WOKEN,23153,2200,0.0,2.0,10.0,25.0,36.0,23.0,4.0,0.09502008379043753,4.8,332.0,110224.0,534.0,0.0,0.0,5.0,0.0,1.0,2.0,0.0,1.0,2.321928094887362,0.05236768802228412
2022-12-06,535,AMBER,23509,2261,0.0,6.0,22.0,33.0,24.0,12.0,3.0,0.09617593262154919,4.23,333.0,110889.0,535.0,1.0,0.0,5.0,0.0,1.0,2.0,0.0,0.0,2.321928094887362,0.06261838440111421
2022-12-07,536,JOUST,24899,2388,0.0,6.0,28.999999999999996,34.0,21.0,8.0,2.0,0.09590746616329973,4.02,334.0,111556.0,536.0,2.0,0.0,5.0,0.0,1.0,2.0,0.0,1.0,2.321928094887362,0.04657381615598886
2022-12-08,537,INFER,21199,1863,0.0,3.061224489795918,19.387755102040817,33.6734693877551,26.53061224489796,14.285714285714285,3.061224489795918,0.08788150384452097,4.387755102040816,335.0,112225.0,537.0,3.0,0.0,5.0,0.0,1.0,2.0,0.0,0.0,2.321928094887362,0.06016713091922006
2022-12-09,538,BRAID,23640,2165,0.0,10.204081632653061,36.734693877551024,35.714285714285715,14.285714285714285,3.061224489795918,0.0,0.09158206429780034,3.63265306122449,336.0,112896.0,538.0,4.0,0.0,5.0,0.0,1.0,2.0,0.0,0.0,2.321928094887362,0.05325905292479109
2022-12-10,539,KNOCK,21157,2041,0.0,3.0,18.0,43.0,27.0,8.0,1.0,0.09646925367490665,4.22,337.0,113569.0,539.0,5.0,1.0,4.0,1.0,2.0,1.0,0.0,2.0,1.9219280948873623,0.04033426183844012
2022-12-11,540,NAÏVE,21947,2075,1.0,7.000000000000001,24.0,32.0,24.0,11.0,1.0,0.0945459516106985,4.08,338.0,114244.0,540.0,6.0,1.0,5.0,0.0,1.0,2.0,0.0,1.0,2.321928094887362,0.050696378830083565
2022-12-12,541,APPLY,22873,2150,0.0,4.9504950495049505,27.722772277227726,37.62376237623762,21.782178217821784,6.9306930693069315,0.9900990099009901,0.09399728938049229,4.00990099009901,339.0,114921.0,541.0,0.0,0.0,4.0,1.0,2.0,1.0,0.0,0.0,1.9219280948873623,0.051142061281337046
2022-12-13,542,SPOKE,24101,2224,0.0,6.0606060606060606,31.313131313131315,38.38383838383838,19.19191919191919,5.05050505050505,0.0,0.09227832870005394,3.8585858585858586,340.0,115600.0,542.0,1.0,0.0,5.0,0.0,1.0,2.0,0.0,1.0,2.321928094887362,0.05604456824512535
2022-12-14,543,USUAL,20824,2048,0.0,3.0,20.0,39.0,27.0,10.0,1.0,0.09834805993084902,4.24,341.0,116281.0,543.0,2.0,0.0,4.0,1.0,2.0,3.0,1.0,0.0,1.9219280948873623,0.05403899721448467
2022-12-15,544,RIVAL,22176,2127,0.0,7.000000000000001,27.0,35.0,22.0,8.0,1.0,0.09591450216450216,4.0,342.0,116964.0,544.0,3.0,0.0,5.0,0.0,1.0,2.0,0.0,1.0,2.321928094887362,0.05905292479108635
2022-12-16,545,RPROBE,22853,2160,0.0,6.0,24.0,32.0,24.0,11.0,3.0,0.09451713123003544,4.19,343.0,117649.0,545.0,4.0,0.0,5.0,1.0,2.0,2.0,0.0,0.0,2.2516291673878226,0.06313834726090993
2022-12-17,546,CHORD,22336,2088,0.0,7.000000000000001,39.0,38.0,13.0,3.0,0.0,0.09348137535816618,3.66,344.0,118336.0,546.0,5.0,1.0,5.0,0.0,1.0,1.0,0.0,0.0,2.321928094887362,0.051476323119777165
2022-12-18,547,TAPER,22166,2108,0.0,8.0,28.000000000000004,30.0,20.0,11.0,3.0,0.09510060452945954,4.07,345.0,119025.0,547.0,6.0,1.0,5.0,0.0,1.0,2.0,0.0,0.0,2.321928094887362,0.07465181058495822
2022-12-19,548,SLATE,26010,2422,6.0606060606060606,14.14141414141414,33.33333333333333,27.27272727272727,13.131313131313133,5.05050505050505,1.0101010101010102,0.09311803152633602,3.464646464646464,346.0,119716.0,548.0,0.0,0.0,5.0,0.0,1.0,2.0,0.0,0.0,2.321928094887362,0.07476323119777159
2022-12-20,549,THIRD,24137,2261,0.9900990099009901,9.900990099009901,46.53465346534654,31.683168316831683,8.91089108910891,1.9801980198019802,0.0,0.09367361312507769,3.435643564356436,347.0,120409.0,549.0,1.0,0.0,5.0,0.0,1.0,1.0,0.0,0.0,2.321928094887362,0.05448467966573817
2022-12-21,550,LUNAR,22180,2036,0.0,5.1020408163265305,32.6530612244898,40.816326530612244,17.346938775510203,4.081632653061225,0.0,0.09179440937781785,3.8265306122448983,348.0,121104.0,550.0,2.0,0.0,5.0,0.0,1.0,2.0,0.0,0.0,2.321928094887362,0.06194986072423399
2022-12-22,551,EXCEL,20490,2034,0.0,1.0101010101010102,13.131313131313133,34.34343434343434,34.34343434343434,15.151515151515152,2.0202020202020203,0.0992679355783309,4.555555555555555,349.0,121801.0,551.0,3.0,0.0,4.0,1.0,2.0,2.0,1.0,1.0,1.9219280948873623,0.06228412256267409
2022-12-23,552,AORTA,21937,2112,0.0,6.9306930693069315,25.742574257425744,34.65346534653465,19.801980198019802,9.900990099009901,2.9702970297029703,0.09627569859142089,4.089108910891088,350.0,122500.0,552.0,4.0,0.0,4.0,1.0,2.0,3.0,1.0,0.0,1.9219280948873623,0.07944289693593316
2022-12-24,553,POISE,20281,1911,1.9801980198019802,10.891089108910892,33.663366336633665,31.683168316831683,14.85148514851485,5.9405940594059405,0.9900990099009901,0.09422612297224003,3.683168316831683,351.0,123201.0,553.0,5.0,1.0,5.0,0.0,1.0,3.0,0.0,0.0,2.321928094887362,0.0633983286908078
2022-12-25,554,EXTRA,15554,1562,1.0,5.0,20.0,35.0,28.000000000000004,10.0,1.0,0.10042432814710042,4.18,352.0,123904.0,554.0,6.0,1.0,5.0,0.0,1.0,2.0,0.0,1.0,2.321928094887362,0.06841225626740947
2022-12-26,555,JUDGE,20011,2043,0.0,2.0202020202020203,8.080808080808081,16.161616161616163,26.262626262626267,33.33333333333333,14.14141414141414,0.10209384838338914,5.232323232323232,353.0,124609.0,555.0,0.0,0.0,5.0,0.0,1.0,2.0,0.0,1.0,2.321928094887362,0.03977715877437325
2022-12-27,556,CONDO,20879,2012,0.0,2.0,17.0,35.0,28.999999999999996,14.000000000000002,3.0,0.09636476842760669,4.45,354.0,125316.0,556.0,1.0,0.0,4.0,1.0,2.0,2.0,1.0,0.0,1.9219280948873623,0.053370473537604456
2022-12-28,557,IMPEL,20160,1937,0.0,3.0303030303030303,21.21212121212121,40.4040404040404,25.252525252525253,9.090909090909092,1.0101010101010102,0.09608134920634921,4.191919191919192,355.0,126025.0,557.0,2.0,0.0,5.0,0.0,1.0,2.0,0.0,0.0,2.321928094887362,0.05749303621169917
2022-12-29,558,HAVOC,20001,1919,0.0,2.0,16.0,38.0,30.0,12.0,2.0,0.09594520273986301,4.4,356.0,126736.0,558.0,3.0,0.0,5.0,0.0,1.0,2.0,0.0,1.0,2.321928094887362,0.05091922005571031
2022-12-30,559,MOLAR,21204,1973,0.0,4.040404040404041,21.21212121212121,38.38383838383838,26.262626262626267,9.090909090909092,1.0101010101010102,0.09304848141860027,4.1818181818181825,357.0,127449.0,559.0,4.0,0.0,5.0,0.0,1.0,2.0,0.0,0.0,2.321928094887362,0.06596100278551532
2022-12-31,560,MANLY,20380,1899,0.0,2.0202020202020203,17.17171717171717,37.37373737373738,29.292929292929294,12.121212121212121,2.0202020202020203,0.09317958783120707,4.383838383838384,358.0,128164.0,560.0,5.0,1.0,5.0,0.0,1.0,1.0,0.0,0.0,2.321928094887362,0.0528133704735376
